Index,Before,After,Bit,Diff
291435,111,110,0,-1
777621,87,86,0,-1
735601,93,92,0,-1
70939,41,40,0,-1
434175,133,132,0,-1
307548,157,156,0,-1
628188,127,126,0,-1
544500,126,127,1,1
426395,237,236,0,-1
607775,227,226,0,-1
516688,115,114,0,-1
302894,132,133,1,1
758801,225,224,0,-1
359020,75,74,0,-1
173336,155,154,0,-1
220703,165,164,0,-1
410381,175,174,0,-1
748128,111,110,0,-1
211055,109,108,0,-1
685526,215,214,0,-1
373133,203,202,0,-1
315905,211,210,0,-1
365997,75,74,0,-1
125683,107,106,0,-1
221304,125,124,0,-1
62291,221,220,0,-1
62403,125,124,0,-1
371818,131,130,0,-1
207738,171,170,0,-1
410491,89,88,0,-1
653982,101,100,0,-1
770661,111,110,0,-1
433211,169,168,0,-1
344942,219,218,0,-1
53853,71,70,0,-1
259355,193,192,0,-1
404010,81,80,0,-1
482138,215,214,0,-1
243415,93,92,0,-1
733815,109,108,0,-1
533877,147,146,0,-1
98335,87,86,0,-1
208512,103,102,0,-1
663101,217,216,0,-1
77612,225,224,0,-1
181715,129,128,0,-1
449256,129,128,0,-1
332545,147,146,0,-1
353301,73,72,0,-1
434137,197,196,0,-1
232407,193,192,0,-1
13300,151,150,0,-1
698380,121,120,0,-1
166251,103,102,0,-1
252136,63,62,0,-1
633594,189,188,0,-1
525893,197,196,0,-1
406383,151,150,0,-1
397527,117,116,0,-1
188614,109,108,0,-1
293281,197,196,0,-1
729080,213,212,0,-1
527860,173,172,0,-1
361487,85,84,0,-1
80908,195,194,0,-1
59530,75,74,0,-1
38665,27,26,0,-1
124571,237,236,0,-1
780912,119,118,0,-1
25495,109,108,0,-1
399611,175,174,0,-1
237658,15,14,0,-1
287052,115,114,0,-1
672803,221,220,0,-1
466364,211,210,0,-1
22467,107,106,0,-1
296204,197,196,0,-1
293194,115,114,0,-1
737508,75,74,0,-1
15212,121,120,0,-1
585049,21,20,0,-1
172009,53,52,0,-1
551189,91,90,0,-1
77041,21,20,0,-1
459764,181,180,0,-1
537898,63,62,0,-1
71290,85,84,0,-1
462098,177,176,0,-1
76027,111,110,0,-1
391462,139,138,0,-1
349935,123,122,0,-1
614474,163,162,0,-1
131060,105,104,0,-1
299469,149,148,0,-1
239061,61,60,0,-1
316972,15,14,0,-1
298206,137,136,0,-1
478943,101,100,0,-1
757434,85,84,0,-1
108165,65,64,0,-1
643791,67,66,0,-1
605507,179,178,0,-1
777098,191,190,0,-1
291683,223,222,0,-1
372172,67,66,0,-1
286006,45,44,0,-1
530062,151,150,0,-1
366382,185,184,0,-1
271595,203,202,0,-1
685946,195,194,0,-1
780266,211,210,0,-1
329058,85,84,0,-1
247056,117,116,0,-1
297553,9,8,0,-1
626777,213,212,0,-1
214772,193,192,0,-1
688127,95,94,0,-1
334946,217,216,0,-1
76911,113,112,0,-1
221421,99,98,0,-1
776260,101,100,0,-1
404785,85,84,0,-1
629237,215,214,0,-1
554577,73,72,0,-1
643083,111,110,0,-1
172658,99,98,0,-1
700974,123,122,0,-1
441378,71,70,0,-1
644180,201,200,0,-1
204012,119,118,0,-1
756738,115,114,0,-1
311147,217,216,0,-1
608656,65,64,0,-1
225264,71,70,0,-1
703280,251,250,0,-1
195721,35,34,0,-1
762322,93,92,0,-1
203415,75,74,0,-1
633006,91,90,0,-1
255979,23,22,0,-1
43377,59,58,0,-1
598943,197,196,0,-1
646433,107,106,0,-1
769354,89,88,0,-1
607040,177,176,0,-1
238648,19,18,0,-1
517854,75,74,0,-1
52203,65,64,0,-1
111257,189,188,0,-1
285726,67,66,0,-1
638303,231,230,0,-1
250644,69,68,0,-1
511006,191,190,0,-1
213136,131,130,0,-1
226120,61,60,0,-1
131615,245,244,0,-1
388615,73,72,0,-1
171520,15,14,0,-1
152356,63,62,0,-1
287526,157,156,0,-1
21642,123,122,0,-1
507975,185,184,0,-1
546509,235,234,0,-1
386024,137,136,0,-1
241759,27,26,0,-1
328091,225,224,0,-1
702559,113,112,0,-1
433061,207,206,0,-1
432398,189,188,0,-1
92026,67,66,0,-1
139548,95,94,0,-1
425738,175,174,0,-1
154856,175,174,0,-1
241484,135,134,0,-1
42528,177,176,0,-1
185088,89,88,0,-1
546696,135,134,0,-1
517421,193,192,0,-1
527718,133,132,0,-1
255171,75,74,0,-1
240927,115,114,0,-1
43481,113,112,0,-1
769134,107,106,0,-1
517384,27,26,0,-1
756849,111,110,0,-1
706244,217,216,0,-1
335304,119,118,0,-1
224451,71,70,0,-1
402339,123,122,0,-1
742869,89,88,0,-1
19195,99,98,0,-1
380079,153,152,0,-1
55266,75,74,0,-1
436007,203,202,0,-1
707643,113,112,0,-1
248338,45,44,0,-1
117915,125,124,0,-1
34364,125,124,0,-1
372084,85,84,0,-1
389726,163,162,0,-1
332660,221,220,0,-1
110873,85,84,0,-1
779352,101,100,0,-1
599431,149,148,0,-1
755214,125,124,0,-1
263421,103,102,0,-1
188773,203,202,0,-1
204168,161,160,0,-1
137809,13,12,0,-1
577006,203,202,0,-1
727243,87,86,0,-1
478527,155,154,0,-1
436610,189,188,0,-1
731473,85,84,0,-1
252437,213,212,0,-1
672861,97,96,0,-1
688925,225,224,0,-1
690892,111,110,0,-1
185180,219,218,0,-1
444642,121,120,0,-1
13546,81,80,0,-1
583123,193,192,0,-1
31719,125,124,0,-1
27022,113,112,0,-1
380143,17,16,0,-1
358874,177,176,0,-1
427372,87,86,0,-1
161019,95,94,0,-1
151986,83,82,0,-1
599727,135,134,0,-1
227355,57,56,0,-1
337867,181,180,0,-1
371642,189,188,0,-1
723797,195,194,0,-1
141264,75,74,0,-1
503239,193,192,0,-1
48945,65,64,0,-1
109349,113,112,0,-1
56603,247,246,0,-1
786265,89,88,0,-1
148742,167,166,0,-1
633243,81,80,0,-1
683177,217,216,0,-1
31517,223,222,0,-1
456854,91,90,0,-1
67288,73,72,0,-1
31072,51,50,0,-1
553431,89,88,0,-1
374387,133,132,0,-1
47238,91,90,0,-1
390098,197,196,0,-1
503794,125,124,0,-1
22858,57,56,0,-1
154563,151,150,0,-1
2125,75,74,0,-1
84148,127,126,0,-1
526351,189,188,0,-1
670423,163,162,0,-1
487391,209,208,0,-1
452526,173,172,0,-1
435308,99,98,0,-1
760888,95,94,0,-1
77937,91,90,0,-1
636217,75,74,0,-1
531321,127,126,0,-1
262231,11,10,0,-1
10751,157,156,0,-1
42140,191,190,0,-1
488340,127,126,0,-1
442315,137,136,0,-1
161828,91,90,0,-1
368005,93,92,0,-1
17382,87,86,0,-1
517575,127,126,0,-1
124022,197,196,0,-1
88510,149,148,0,-1
400516,43,42,0,-1
12066,79,78,0,-1
212446,49,48,0,-1
445854,141,140,0,-1
394530,119,118,0,-1
749047,121,120,0,-1
474766,147,146,0,-1
653690,237,236,0,-1
258781,95,94,0,-1
563295,183,182,0,-1
436354,149,148,0,-1
155228,153,152,0,-1
181917,69,68,0,-1
211371,57,56,0,-1
654969,111,110,0,-1
599574,105,104,0,-1
764039,209,208,0,-1
64061,241,240,0,-1
172361,117,116,0,-1
732761,233,232,0,-1
405810,77,76,0,-1
305540,239,238,0,-1
53505,107,106,0,-1
365081,115,114,0,-1
74503,109,108,0,-1
43659,59,58,0,-1
209258,121,120,0,-1
635881,133,132,0,-1
644807,221,220,0,-1
30271,201,200,0,-1
162207,151,150,0,-1
735254,225,224,0,-1
9189,65,64,0,-1
508200,137,136,0,-1
113107,177,176,0,-1
624437,235,234,0,-1
7294,47,46,0,-1
595335,185,184,0,-1
331153,91,90,0,-1
477460,117,116,0,-1
265517,191,190,0,-1
74170,93,92,0,-1
289671,63,62,0,-1
286677,115,114,0,-1
311964,113,112,0,-1
426928,129,128,0,-1
465148,83,82,0,-1
728316,75,74,0,-1
524679,143,142,0,-1
322657,109,108,0,-1
452024,189,188,0,-1
193774,91,90,0,-1
376724,135,134,0,-1
241372,41,40,0,-1
656950,113,112,0,-1
346652,127,126,0,-1
754740,91,90,0,-1
339877,17,16,0,-1
644349,187,186,0,-1
228644,185,184,0,-1
750416,201,200,0,-1
309396,63,62,0,-1
62909,147,146,0,-1
309790,33,32,0,-1
546452,215,214,0,-1
150735,121,120,0,-1
770212,91,90,0,-1
507668,151,150,0,-1
383324,129,128,0,-1
7155,129,128,0,-1
547234,91,90,0,-1
142918,81,80,0,-1
691327,141,140,0,-1
497181,185,184,0,-1
461970,61,60,0,-1
50892,97,96,0,-1
127056,53,52,0,-1
475510,169,168,0,-1
167990,103,102,0,-1
683307,139,138,0,-1
125339,225,224,0,-1
479737,95,94,0,-1
618672,101,100,0,-1
519920,141,140,0,-1
83865,107,106,0,-1
184248,117,116,0,-1
777202,85,84,0,-1
689484,107,106,0,-1
459300,81,80,0,-1
717326,227,226,0,-1
220055,133,132,0,-1
290151,131,130,0,-1
570169,63,62,0,-1
231669,129,128,0,-1
271974,109,108,0,-1
45760,51,50,0,-1
463718,213,212,0,-1
757493,183,182,0,-1
11027,109,108,0,-1
651611,193,192,0,-1
248925,119,118,0,-1
354632,205,204,0,-1
543444,59,58,0,-1
39893,143,142,0,-1
599003,211,210,0,-1
405765,81,80,0,-1
564968,73,72,0,-1
22431,101,100,0,-1
83835,107,106,0,-1
454891,57,56,0,-1
383253,57,56,0,-1
755533,91,90,0,-1
696508,149,148,0,-1
556250,155,154,0,-1
738382,129,128,0,-1
526471,149,148,0,-1
167131,101,100,0,-1
229351,135,134,0,-1
414739,69,68,0,-1
201610,107,106,0,-1
772393,91,90,0,-1
663575,225,224,0,-1
593134,63,62,0,-1
614541,111,110,0,-1
331431,115,114,0,-1
189316,43,42,0,-1
540214,189,188,0,-1
727614,129,128,0,-1
207323,241,240,0,-1
659561,189,188,0,-1
282169,57,56,0,-1
435280,25,24,0,-1
134507,221,220,0,-1
385321,133,132,0,-1
189634,45,44,0,-1
510652,45,44,0,-1
127688,161,160,0,-1
748108,131,130,0,-1
644160,97,96,0,-1
445487,173,172,0,-1
65009,93,92,0,-1
609371,113,112,0,-1
590278,55,54,0,-1
390477,111,110,0,-1
56674,51,50,0,-1
699691,81,80,0,-1
321743,223,222,0,-1
775316,219,218,0,-1
556443,89,88,0,-1
24215,147,146,0,-1
237159,63,62,0,-1
157610,233,232,0,-1
345340,129,128,0,-1
233341,207,206,0,-1
386361,59,58,0,-1
150260,177,176,0,-1
758919,117,116,0,-1
158772,63,62,0,-1
139006,95,94,0,-1
688811,205,204,0,-1
528615,75,74,0,-1
303027,63,62,0,-1
302513,241,240,0,-1
459019,97,96,0,-1
471055,57,56,0,-1
616071,113,112,0,-1
174051,145,144,0,-1
335363,185,184,0,-1
90151,205,204,0,-1
618245,219,218,0,-1
108569,241,240,0,-1
477191,157,156,0,-1
100107,59,58,0,-1
559781,217,216,0,-1
586537,17,16,0,-1
71738,241,240,0,-1
250963,27,26,0,-1
381197,171,170,0,-1
677746,83,82,0,-1
4364,211,210,0,-1
680178,95,94,0,-1
607067,189,188,0,-1
644613,107,106,0,-1
736549,91,90,0,-1
421701,131,130,0,-1
210040,131,130,0,-1
758234,177,176,0,-1
281132,139,138,0,-1
102113,217,216,0,-1
769656,113,112,0,-1
600522,119,118,0,-1
589744,141,140,0,-1
392471,141,140,0,-1
177435,105,104,0,-1
291893,127,126,0,-1
591668,177,176,0,-1
781179,103,102,0,-1
652601,89,88,0,-1
409576,193,192,0,-1
15066,85,84,0,-1
604093,81,80,0,-1
640998,95,94,0,-1
609758,213,212,0,-1
14493,83,82,0,-1
734906,205,204,0,-1
447248,177,176,0,-1
409851,125,124,0,-1
150872,83,82,0,-1
631165,29,28,0,-1
90189,71,70,0,-1
776846,221,220,0,-1
402841,11,10,0,-1
715324,125,124,0,-1
368197,23,22,0,-1
230104,131,130,0,-1
452595,141,140,0,-1
145471,37,36,0,-1
678228,155,154,0,-1
682031,219,218,0,-1
492331,49,48,0,-1
769820,177,176,0,-1
512648,157,156,0,-1
229196,111,110,0,-1
67928,95,94,0,-1
773639,223,222,0,-1
566644,119,118,0,-1
364638,59,58,0,-1
292389,157,156,0,-1
481028,179,178,0,-1
517764,115,114,0,-1
66790,99,98,0,-1
528674,171,170,0,-1
541527,155,154,0,-1
11514,93,92,0,-1
440973,123,122,0,-1
468790,67,66,0,-1
195116,85,84,0,-1
504142,61,60,0,-1
644038,79,78,0,-1
367415,109,108,0,-1
775803,121,120,0,-1
463220,209,208,0,-1
604677,105,104,0,-1
779878,127,126,0,-1
76433,157,156,0,-1
175921,111,110,0,-1
263215,15,14,0,-1
417281,243,242,0,-1
757065,87,86,0,-1
480698,209,208,0,-1
312830,211,210,0,-1
320143,15,14,0,-1
543652,139,138,0,-1
508003,53,52,0,-1
393159,131,130,0,-1
240528,189,188,0,-1
32027,139,138,0,-1
535964,209,208,0,-1
560573,211,210,0,-1
656718,187,186,0,-1
133307,189,188,0,-1
412367,221,220,0,-1
594154,23,22,0,-1
134955,113,112,0,-1
183448,33,32,0,-1
143565,79,78,0,-1
652182,67,66,0,-1
637783,79,78,0,-1
41592,117,116,0,-1
210788,115,114,0,-1
212493,73,72,0,-1
506498,153,152,0,-1
640065,91,90,0,-1
548426,175,174,0,-1
262193,129,128,0,-1
550556,217,216,0,-1
390640,51,50,0,-1
685695,129,128,0,-1
277394,219,218,0,-1
552358,153,152,0,-1
401717,219,218,0,-1
566384,221,220,0,-1
457140,171,170,0,-1
189203,93,92,0,-1
490375,195,194,0,-1
163311,181,180,0,-1
423455,115,114,0,-1
127708,29,28,0,-1
514403,211,210,0,-1
123641,221,220,0,-1
735395,225,224,0,-1
196423,149,148,0,-1
318333,103,102,0,-1
272123,197,196,0,-1
554781,81,80,0,-1
247353,57,56,0,-1
303640,23,22,0,-1
566040,131,130,0,-1
685887,171,170,0,-1
129817,103,102,0,-1
445507,63,62,0,-1
704407,83,82,0,-1
449626,27,26,0,-1
177835,97,96,0,-1
413341,159,158,0,-1
674293,15,14,0,-1
516279,81,80,0,-1
49938,109,108,0,-1
335165,119,118,0,-1
85885,59,58,0,-1
552885,129,128,0,-1
501282,115,114,0,-1
304672,21,20,0,-1
588462,95,94,0,-1
234899,243,242,0,-1
292861,39,38,0,-1
25437,97,96,0,-1
249871,33,32,0,-1
637627,73,72,0,-1
727659,113,112,0,-1
363095,85,84,0,-1
256609,121,120,0,-1
146985,59,58,0,-1
74324,83,82,0,-1
495904,125,124,0,-1
686419,15,14,0,-1
466160,125,124,0,-1
736525,103,102,0,-1
559106,177,176,0,-1
558306,143,142,0,-1
614439,77,76,0,-1
595641,197,196,0,-1
454124,243,242,0,-1
112671,61,60,0,-1
191578,55,54,0,-1
637466,161,160,0,-1
86121,97,96,0,-1
407124,83,82,0,-1
757363,141,140,0,-1
441845,241,240,0,-1
621900,69,68,0,-1
578116,125,124,0,-1
757559,183,182,0,-1
752547,97,96,0,-1
709457,175,174,0,-1
42965,139,138,0,-1
722908,79,78,0,-1
354445,17,16,0,-1
761958,107,106,0,-1
218864,213,212,0,-1
174014,133,132,0,-1
306816,55,54,0,-1
189080,235,234,0,-1
561764,225,224,0,-1
283099,9,8,0,-1
775862,203,202,0,-1
58294,53,52,0,-1
221278,109,108,0,-1
50098,123,122,0,-1
748361,191,190,0,-1
732221,221,220,0,-1
679990,113,112,0,-1
258445,23,22,0,-1
323459,211,210,0,-1
640967,193,192,0,-1
109812,93,92,0,-1
566494,211,210,0,-1
784478,223,222,0,-1
162615,79,78,0,-1
271463,215,214,0,-1
777780,97,96,0,-1
502232,207,206,0,-1
339900,83,82,0,-1
554951,185,184,0,-1
493212,111,110,0,-1
401489,87,86,0,-1
226557,93,92,0,-1
416825,139,138,0,-1
368632,161,160,0,-1
741240,107,106,0,-1
685600,91,90,0,-1
622988,225,224,0,-1
747480,93,92,0,-1
510672,169,168,0,-1
585202,129,128,0,-1
457814,201,200,0,-1
65029,19,18,0,-1
694524,77,76,0,-1
422710,67,66,0,-1
747063,91,90,0,-1
650973,107,106,0,-1
43949,219,218,0,-1
460120,151,150,0,-1
542564,163,162,0,-1
103489,77,76,0,-1
344908,135,134,0,-1
636973,123,122,0,-1
180019,45,44,0,-1
645483,79,78,0,-1
264388,65,64,0,-1
485337,131,130,0,-1
43714,95,94,0,-1
399875,113,112,0,-1
31856,159,158,0,-1
382467,73,72,0,-1
731531,203,202,0,-1
758719,97,96,0,-1
191346,145,144,0,-1
340703,205,204,0,-1
24873,63,62,0,-1
648590,199,198,0,-1
746293,85,84,0,-1
673386,145,144,0,-1
693796,117,116,0,-1
612432,75,74,0,-1
648761,199,198,0,-1
119656,129,128,0,-1
121414,101,100,0,-1
126908,229,228,0,-1
754799,209,208,0,-1
638647,109,108,0,-1
505452,107,106,0,-1
593314,75,74,0,-1
429920,199,198,0,-1
324181,53,52,0,-1
402902,113,112,0,-1
43604,147,146,0,-1
331275,81,80,0,-1
171567,79,78,0,-1
170555,129,128,0,-1
87198,121,120,0,-1
269098,113,112,0,-1
764394,109,108,0,-1
708443,197,196,0,-1
729634,143,142,0,-1
465689,171,170,0,-1
720191,171,170,0,-1
134535,121,120,0,-1
102188,219,218,0,-1
574216,21,20,0,-1
339774,111,110,0,-1
500334,87,86,0,-1
767271,91,90,0,-1
489277,133,132,0,-1
501559,29,28,0,-1
604347,147,146,0,-1
458241,111,110,0,-1
35198,133,132,0,-1
592717,25,24,0,-1
137103,103,102,0,-1
265300,17,16,0,-1
153607,115,114,0,-1
293350,205,204,0,-1
745459,91,90,0,-1
628678,83,82,0,-1
643420,19,18,0,-1
767629,127,126,0,-1
438024,87,86,0,-1
309715,121,120,0,-1
374308,23,22,0,-1
358721,211,210,0,-1
353859,65,64,0,-1
351962,163,162,0,-1
759824,223,222,0,-1
379581,79,78,0,-1
778676,199,198,0,-1
162146,217,216,0,-1
225373,27,26,0,-1
455811,69,68,0,-1
298403,93,92,0,-1
227534,133,132,0,-1
322735,127,126,0,-1
783902,207,206,0,-1
617328,67,66,0,-1
397666,141,140,0,-1
494531,209,208,0,-1
185441,109,108,0,-1
443180,221,220,0,-1
394337,143,142,0,-1
399420,71,70,0,-1
655373,231,230,0,-1
8210,99,98,0,-1
760309,17,16,0,-1
157931,177,176,0,-1
447005,173,172,0,-1
628000,15,14,0,-1
637964,181,180,0,-1
559654,127,126,0,-1
43093,105,104,0,-1
66956,221,220,0,-1
200167,35,34,0,-1
235139,235,234,0,-1
524754,157,156,0,-1
397420,29,28,0,-1
293597,183,182,0,-1
743323,107,106,0,-1
528476,223,222,0,-1
16884,53,52,0,-1
227700,131,130,0,-1
377926,45,44,0,-1
69180,165,164,0,-1
44052,167,166,0,-1
422135,193,192,0,-1
608763,103,102,0,-1
467279,185,184,0,-1
188229,121,120,0,-1
219500,245,244,0,-1
258738,81,80,0,-1
639344,199,198,0,-1
333269,233,232,0,-1
329571,115,114,0,-1
65599,203,202,0,-1
583443,61,60,0,-1
743399,97,96,0,-1
566162,219,218,0,-1
61228,209,208,0,-1
695979,101,100,0,-1
549335,199,198,0,-1
706398,87,86,0,-1
387287,153,152,0,-1
767132,209,208,0,-1
611149,27,26,0,-1
490815,125,124,0,-1
553040,191,190,0,-1
313548,59,58,0,-1
502354,85,84,0,-1
477762,71,70,0,-1
663289,115,114,0,-1
256489,203,202,0,-1
90696,113,112,0,-1
405650,239,238,0,-1
523737,127,126,0,-1
407410,81,80,0,-1
159189,165,164,0,-1
282543,159,158,0,-1
428168,103,102,0,-1
415986,125,124,0,-1
776924,251,250,0,-1
297629,211,210,0,-1
382582,151,150,0,-1
439990,15,14,0,-1
685213,137,136,0,-1
76363,213,212,0,-1
735806,227,226,0,-1
729050,185,184,0,-1
184867,41,40,0,-1
435047,189,188,0,-1
466959,83,82,0,-1
415561,137,136,0,-1
282319,131,130,0,-1
263289,57,56,0,-1
282724,123,122,0,-1
506585,103,102,0,-1
405357,123,122,0,-1
326205,59,58,0,-1
622568,187,186,0,-1
366566,205,204,0,-1
377964,117,116,0,-1
781372,133,132,0,-1
615759,61,60,0,-1
567856,185,184,0,-1
232206,89,88,0,-1
297320,219,218,0,-1
295170,103,102,0,-1
522674,227,226,0,-1
454076,235,234,0,-1
576451,79,78,0,-1
268087,125,124,0,-1
620344,21,20,0,-1
758633,187,186,0,-1
151806,111,110,0,-1
611058,69,68,0,-1
41411,151,150,0,-1
431087,245,244,0,-1
697415,213,212,0,-1
114241,37,36,0,-1
315340,17,16,0,-1
284969,227,226,0,-1
183181,57,56,0,-1
714500,181,180,0,-1
218367,83,82,0,-1
292219,101,100,0,-1
425281,143,142,0,-1
528742,215,214,0,-1
581864,155,154,0,-1
246244,205,204,0,-1
499724,187,186,0,-1
766474,127,126,0,-1
781910,221,220,0,-1
148970,157,156,0,-1
281704,49,48,0,-1
693916,117,116,0,-1
248766,165,164,0,-1
318960,111,110,0,-1
564678,171,170,0,-1
38105,147,146,0,-1
682129,141,140,0,-1
773796,109,108,0,-1
451152,81,80,0,-1
712718,231,230,0,-1
576948,189,188,0,-1
157319,97,96,0,-1
179790,73,72,0,-1
532972,137,136,0,-1
709208,225,224,0,-1
42946,83,82,0,-1
468475,137,136,0,-1
663556,143,142,0,-1
119437,129,128,0,-1
777940,101,100,0,-1
764531,225,224,0,-1
711271,127,126,0,-1
241122,171,170,0,-1
708929,199,198,0,-1
348845,233,232,0,-1
770310,97,96,0,-1
76283,231,230,0,-1
683832,75,74,0,-1
556,55,54,0,-1
522772,119,118,0,-1
390521,223,222,0,-1
136657,59,58,0,-1
770529,105,104,0,-1
15115,81,80,0,-1
341068,29,28,0,-1
639285,85,84,0,-1
699438,117,116,0,-1
410909,169,168,0,-1
231497,115,114,0,-1
247769,219,218,0,-1
610911,57,56,0,-1
599188,139,138,0,-1
254842,205,204,0,-1
283278,93,92,0,-1
739798,71,70,0,-1
695728,27,26,0,-1
61044,89,88,0,-1
324899,233,232,0,-1
202716,141,140,0,-1
783233,193,192,0,-1
670492,175,174,0,-1
182212,125,124,0,-1
382013,93,92,0,-1
9902,217,216,0,-1
231086,147,146,0,-1
480766,127,126,0,-1
491547,89,88,0,-1
574817,183,182,0,-1
10462,87,86,0,-1
495768,145,144,0,-1
149737,83,82,0,-1
725508,93,92,0,-1
58887,61,60,0,-1
186703,133,132,0,-1
194912,247,246,0,-1
503110,15,14,0,-1
689791,137,136,0,-1
563369,227,226,0,-1
646982,181,180,0,-1
117142,17,16,0,-1
197874,123,122,0,-1
255007,47,46,0,-1
387770,225,224,0,-1
4977,61,60,0,-1
416601,77,76,0,-1
474699,77,76,0,-1
634504,147,146,0,-1
705863,201,200,0,-1
260753,209,208,0,-1
762792,83,82,0,-1
416884,15,14,0,-1
358019,239,238,0,-1
569020,181,180,0,-1
530529,119,118,0,-1
319734,83,82,0,-1
449965,145,144,0,-1
696286,89,88,0,-1
592207,173,172,0,-1
723898,97,96,0,-1
513660,123,122,0,-1
226432,31,30,0,-1
445260,129,128,0,-1
489695,89,88,0,-1
351054,143,142,0,-1
714012,169,168,0,-1
78226,35,34,0,-1
531089,213,212,0,-1
348553,117,116,0,-1
539700,105,104,0,-1
456655,73,72,0,-1
1479,47,46,0,-1
448410,131,130,0,-1
483420,119,118,0,-1
223246,23,22,0,-1
347892,133,132,0,-1
414173,241,240,0,-1
461602,153,152,0,-1
341033,149,148,0,-1
720664,65,64,0,-1
549734,205,204,0,-1
768618,95,94,0,-1
148222,95,94,0,-1
510761,113,112,0,-1
305886,75,74,0,-1
15681,77,76,0,-1
512095,117,116,0,-1
15276,105,104,0,-1
147858,93,92,0,-1
575861,209,208,0,-1
142050,87,86,0,-1
298231,75,74,0,-1
587257,85,84,0,-1
527681,213,212,0,-1
711740,211,210,0,-1
461064,75,74,0,-1
583692,79,78,0,-1
26414,83,82,0,-1
404209,67,66,0,-1
760599,75,74,0,-1
659140,49,48,0,-1
451545,129,128,0,-1
423790,139,138,0,-1
350330,235,234,0,-1
350217,83,82,0,-1
581596,199,198,0,-1
161930,97,96,0,-1
583410,71,70,0,-1
469858,139,138,0,-1
462397,61,60,0,-1
733740,119,118,0,-1
496574,211,210,0,-1
310076,191,190,0,-1
123311,133,132,0,-1
47402,211,210,0,-1
378753,105,104,0,-1
363610,127,126,0,-1
687677,217,216,0,-1
606873,117,116,0,-1
277087,19,18,0,-1
630838,125,124,0,-1
65778,99,98,0,-1
106636,47,46,0,-1
749813,175,174,0,-1
505612,57,56,0,-1
503368,63,62,0,-1
447943,185,184,0,-1
681958,35,34,0,-1
346096,95,94,0,-1
200260,17,16,0,-1
221563,111,110,0,-1
258531,115,114,0,-1
401522,131,130,0,-1
519527,247,246,0,-1
159758,169,168,0,-1
270733,147,146,0,-1
363299,217,216,0,-1
15365,95,94,0,-1
702996,109,108,0,-1
344030,231,230,0,-1
564094,145,144,0,-1
369886,141,140,0,-1
146662,67,66,0,-1
186239,97,96,0,-1
113656,55,54,0,-1
45717,85,84,0,-1
38831,87,86,0,-1
616441,87,86,0,-1
700437,119,118,0,-1
435403,31,30,0,-1
134161,105,104,0,-1
674753,201,200,0,-1
630085,75,74,0,-1
121721,95,94,0,-1
442564,53,52,0,-1
253355,241,240,0,-1
560330,239,238,0,-1
487287,135,134,0,-1
30656,153,152,0,-1
396745,23,22,0,-1
279596,137,136,0,-1
506656,99,98,0,-1
460014,83,82,0,-1
763905,101,100,0,-1
486226,169,168,0,-1
555197,217,216,0,-1
598199,213,212,0,-1
303988,185,184,0,-1
353744,129,128,0,-1
178924,93,92,0,-1
610730,229,228,0,-1
754763,209,208,0,-1
107396,171,170,0,-1
496164,73,72,0,-1
781721,199,198,0,-1
727016,209,208,0,-1
710767,123,122,0,-1
542069,211,210,0,-1
319484,233,232,0,-1
115181,149,148,0,-1
78862,71,70,0,-1
344140,25,24,0,-1
591606,77,76,0,-1
289282,19,18,0,-1
169971,133,132,0,-1
206679,135,134,0,-1
148470,175,174,0,-1
62254,107,106,0,-1
712108,89,88,0,-1
718563,101,100,0,-1
281680,9,8,0,-1
712315,129,128,0,-1
492974,207,206,0,-1
691636,89,88,0,-1
1970,87,86,0,-1
443840,209,208,0,-1
25902,75,74,0,-1
142113,109,108,0,-1
63119,235,234,0,-1
745673,201,200,0,-1
100145,91,90,0,-1
621001,75,74,0,-1
526977,111,110,0,-1
501476,125,124,0,-1
561976,21,20,0,-1
569995,151,150,0,-1
165859,57,56,0,-1
210260,241,240,0,-1
329094,85,84,0,-1
173753,225,224,0,-1
626674,147,146,0,-1
260919,111,110,0,-1
94562,219,218,0,-1
633424,123,122,0,-1
64571,195,194,0,-1
387129,83,82,0,-1
694906,115,114,0,-1
269342,155,154,0,-1
701477,217,216,0,-1
662322,79,78,0,-1
322227,119,118,0,-1
132533,141,140,0,-1
179618,233,232,0,-1
410775,119,118,0,-1
271064,223,222,0,-1
70232,207,206,0,-1
347281,167,166,0,-1
607634,227,226,0,-1
363489,157,156,0,-1
274975,47,46,0,-1
12004,83,82,0,-1
95705,129,128,0,-1
584033,191,190,0,-1
523453,215,214,0,-1
560358,67,66,0,-1
604306,173,172,0,-1
326647,91,90,0,-1
554340,121,120,0,-1
657046,113,112,0,-1
349211,87,86,0,-1
478450,89,88,0,-1
100688,217,216,0,-1
673472,207,206,0,-1
553844,219,218,0,-1
449402,203,202,0,-1
116183,231,230,0,-1
780160,97,96,0,-1
658446,109,108,0,-1
214934,241,240,0,-1
33021,87,86,0,-1
64260,117,116,0,-1
115427,111,110,0,-1
360366,183,182,0,-1
271365,65,64,0,-1
373466,157,156,0,-1
181282,23,22,0,-1
226875,59,58,0,-1
174363,113,112,0,-1
319605,123,122,0,-1
539851,151,150,0,-1
583578,125,124,0,-1
724247,201,200,0,-1
296255,193,192,0,-1
578157,137,136,0,-1
741733,93,92,0,-1
62705,181,180,0,-1
745042,143,142,0,-1
197329,19,18,0,-1
352139,157,156,0,-1
337095,117,116,0,-1
516609,111,110,0,-1
556961,217,216,0,-1
685235,221,220,0,-1
68744,139,138,0,-1
462469,159,158,0,-1
373098,121,120,0,-1
365256,113,112,0,-1
632356,119,118,0,-1
548237,215,214,0,-1
328365,107,106,0,-1
369334,189,188,0,-1
719939,223,222,0,-1
654507,89,88,0,-1
290044,131,130,0,-1
401920,37,36,0,-1
585721,91,90,0,-1
738342,113,112,0,-1
557826,85,84,0,-1
81623,143,142,0,-1
515144,205,204,0,-1
119338,213,212,0,-1
44024,227,226,0,-1
347663,91,90,0,-1
36127,111,110,0,-1
165475,93,92,0,-1
275999,113,112,0,-1
573313,107,106,0,-1
577504,133,132,0,-1
693181,91,90,0,-1
441735,137,136,0,-1
657789,95,94,0,-1
20006,117,116,0,-1
37491,67,66,0,-1
777009,101,100,0,-1
573881,223,222,0,-1
778821,109,108,0,-1
592778,209,208,0,-1
345761,241,240,0,-1
732842,227,226,0,-1
445031,89,88,0,-1
327478,37,36,0,-1
404076,115,114,0,-1
371346,63,62,0,-1
437900,235,234,0,-1
305847,91,90,0,-1
706678,141,140,0,-1
350047,123,122,0,-1
201077,245,244,0,-1
386499,137,136,0,-1
140509,71,70,0,-1
763809,89,88,0,-1
171193,29,28,0,-1
95414,229,228,0,-1
683809,67,66,0,-1
173305,69,68,0,-1
732372,101,100,0,-1
722687,205,204,0,-1
230876,199,198,0,-1
695943,115,114,0,-1
226649,211,210,0,-1
39184,109,108,0,-1
653339,191,190,0,-1
383724,121,120,0,-1
121972,21,20,0,-1
371543,207,206,0,-1
162024,87,86,0,-1
63336,73,72,0,-1
518190,103,102,0,-1
297232,125,124,0,-1
170398,137,136,0,-1
752855,171,170,0,-1
113770,119,118,0,-1
277158,81,80,0,-1
741958,131,130,0,-1
781298,221,220,0,-1
400349,233,232,0,-1
623750,233,232,0,-1
459847,29,28,0,-1
716008,71,70,0,-1
713533,97,96,0,-1
4530,69,68,0,-1
738671,189,188,0,-1
408941,205,204,0,-1
323294,227,226,0,-1
713455,85,84,0,-1
418013,149,148,0,-1
240572,223,222,0,-1
597374,125,124,0,-1
499821,131,130,0,-1
236807,117,116,0,-1
486183,107,106,0,-1
33457,83,82,0,-1
282760,147,146,0,-1
733256,207,206,0,-1
333723,77,76,0,-1
525375,73,72,0,-1
417114,135,134,0,-1
578861,91,90,0,-1
466750,145,144,0,-1
651681,91,90,0,-1
422265,123,122,0,-1
348099,135,134,0,-1
43126,143,142,0,-1
440757,131,130,0,-1
646040,183,182,0,-1
289596,121,120,0,-1
481148,251,250,0,-1
327538,129,128,0,-1
740154,93,92,0,-1
177772,145,144,0,-1
79894,21,20,0,-1
675214,81,80,0,-1
469341,159,158,0,-1
272781,163,162,0,-1
193158,109,108,0,-1
78730,87,86,0,-1
475590,167,166,0,-1
326039,85,84,0,-1
525733,113,112,0,-1
33431,157,156,0,-1
551570,241,240,0,-1
686105,221,220,0,-1
283047,63,62,0,-1
196333,129,128,0,-1
289124,79,78,0,-1
525041,99,98,0,-1
370244,147,146,0,-1
495620,225,224,0,-1
727769,215,214,0,-1
108823,211,210,0,-1
487158,77,76,0,-1
366635,91,90,0,-1
776036,199,198,0,-1
767540,225,224,0,-1
692481,99,98,0,-1
417763,131,130,0,-1
433737,65,64,0,-1
546001,143,142,0,-1
160883,197,196,0,-1
227164,209,208,0,-1
69238,139,138,0,-1
200737,75,74,0,-1
529357,193,192,0,-1
41492,155,154,0,-1
89096,77,76,0,-1
490468,109,108,0,-1
190313,247,246,0,-1
707846,219,218,0,-1
344304,77,76,0,-1
506053,45,44,0,-1
177126,129,128,0,-1
312103,105,104,0,-1
663924,93,92,0,-1
412194,73,72,0,-1
514510,129,128,0,-1
524363,195,194,0,-1
436436,145,144,0,-1
489919,135,134,0,-1
677045,219,218,0,-1
608408,233,232,0,-1
423214,149,148,0,-1
25060,77,76,0,-1
298771,127,126,0,-1
422307,125,124,0,-1
304104,161,160,0,-1
326095,53,52,0,-1
481933,15,14,0,-1
184231,183,182,0,-1
53836,145,144,0,-1
286660,133,132,0,-1
322210,109,108,0,-1
91023,73,72,0,-1
77771,223,222,0,-1
578431,173,172,0,-1
773964,95,94,0,-1
538510,155,154,0,-1
249994,119,118,0,-1
310743,103,102,0,-1
90025,139,138,0,-1
137889,107,106,0,-1
54735,123,122,0,-1
655399,123,122,0,-1
254588,193,192,0,-1
182798,101,100,0,-1
807,105,104,0,-1
489322,181,180,0,-1
116039,221,220,0,-1
89366,107,106,0,-1
136776,91,90,0,-1
602551,79,78,0,-1
70101,137,136,0,-1
152747,139,138,0,-1
80674,107,106,0,-1
531592,143,142,0,-1
571375,131,130,0,-1
167353,43,42,0,-1
580442,85,84,0,-1
583259,233,232,0,-1
573474,89,88,0,-1
303794,209,208,0,-1
12287,153,152,0,-1
440925,93,92,0,-1
313575,95,94,0,-1
255460,131,130,0,-1
479698,91,90,0,-1
305357,205,204,0,-1
160974,113,112,0,-1
175352,73,72,0,-1
28776,177,176,0,-1
446074,61,60,0,-1
334531,131,130,0,-1
704135,207,206,0,-1
701128,167,166,0,-1
235738,90,91,1,1
715065,97,96,0,-1
34492,97,96,0,-1
469658,107,106,0,-1
561123,95,94,0,-1
291295,103,102,0,-1
198313,153,152,0,-1
667729,81,80,0,-1
151735,123,122,0,-1
357405,57,56,0,-1
628352,229,228,0,-1
530109,81,80,0,-1
137540,217,216,0,-1
159626,217,216,0,-1
388964,219,218,0,-1
578448,179,178,0,-1
368498,201,200,0,-1
158197,53,52,0,-1
328994,131,130,0,-1
227054,195,194,0,-1
775429,75,74,0,-1
276947,65,64,0,-1
198841,53,52,0,-1
673348,113,112,0,-1
738563,249,248,0,-1
433552,83,82,0,-1
765992,227,226,0,-1
73155,129,128,0,-1
242444,191,190,0,-1
547161,73,72,0,-1
393464,175,174,0,-1
150125,203,202,0,-1
747912,99,98,0,-1
364671,121,120,0,-1
43308,65,64,0,-1
365512,111,110,0,-1
39432,159,158,0,-1
725878,93,92,0,-1
289532,227,226,0,-1
373397,237,236,0,-1
185052,91,90,0,-1
132383,85,84,0,-1
143787,147,146,0,-1
230025,113,112,0,-1
694466,167,166,0,-1
53574,55,54,0,-1
693439,167,166,0,-1
471844,57,56,0,-1
190023,73,72,0,-1
698241,101,100,0,-1
482467,145,144,0,-1
402068,87,86,0,-1
3703,95,94,0,-1
101746,31,30,0,-1
212038,73,72,0,-1
107268,113,112,0,-1
735417,103,102,0,-1
40320,73,72,0,-1
141038,179,178,0,-1
262931,115,114,0,-1
369806,99,98,0,-1
196993,69,68,0,-1
478061,161,160,0,-1
340304,223,222,0,-1
412671,169,168,0,-1
332869,13,12,0,-1
286943,197,196,0,-1
747409,93,92,0,-1
138139,55,54,0,-1
476102,207,206,0,-1
696447,133,132,0,-1
117002,89,88,0,-1
377017,199,198,0,-1
700548,107,106,0,-1
629193,59,58,0,-1
204790,27,26,0,-1
18360,95,94,0,-1
749582,225,224,0,-1
407651,99,98,0,-1
118398,117,116,0,-1
149893,145,144,0,-1
290878,177,176,0,-1
415373,87,86,0,-1
364473,143,142,0,-1
430383,81,80,0,-1
573648,143,142,0,-1
471235,25,24,0,-1
698168,191,190,0,-1
679088,223,222,0,-1
208771,207,206,0,-1
666251,223,222,0,-1
609540,57,56,0,-1
676148,175,174,0,-1
289216,11,10,0,-1
329176,63,62,0,-1
779781,115,114,0,-1
207841,33,32,0,-1
485002,29,28,0,-1
325418,201,200,0,-1
23397,109,108,0,-1
109971,131,130,0,-1
257272,101,100,0,-1
339368,237,236,0,-1
196445,247,246,0,-1
308152,219,218,0,-1
243062,131,130,0,-1
54708,117,116,0,-1
82155,103,102,0,-1
591193,21,20,0,-1
784226,199,198,0,-1
764856,95,94,0,-1
447639,73,72,0,-1
297062,83,82,0,-1
123511,37,36,0,-1
302749,159,158,0,-1
45575,227,226,0,-1
741481,135,134,0,-1
774032,193,192,0,-1
656138,171,170,0,-1
502857,111,110,0,-1
6330,95,94,0,-1
192822,103,102,0,-1
413857,23,22,0,-1
50495,101,100,0,-1
730868,237,236,0,-1
298654,57,56,0,-1
637502,157,156,0,-1
343006,93,92,0,-1
43804,111,110,0,-1
615125,223,222,0,-1
761068,103,102,0,-1
517188,185,184,0,-1
118163,165,164,0,-1
296898,57,56,0,-1
287458,59,58,0,-1
255346,53,52,0,-1
18165,91,90,0,-1
392642,239,238,0,-1
27073,125,124,0,-1
98033,175,174,0,-1
489460,187,186,0,-1
570265,73,72,0,-1
326494,115,114,0,-1
673286,191,190,0,-1
364923,97,96,0,-1
486110,93,92,0,-1
132873,97,96,0,-1
729602,227,226,0,-1
639217,85,84,0,-1
314943,61,60,0,-1
635292,203,202,0,-1
18711,85,84,0,-1
631029,81,80,0,-1
174624,107,106,0,-1
620295,61,60,0,-1
143245,79,78,0,-1
631118,101,100,0,-1
298049,117,116,0,-1
196749,127,126,0,-1
21522,69,68,0,-1
99555,113,112,0,-1
24177,109,108,0,-1
769311,87,86,0,-1
494568,133,132,0,-1
728697,81,80,0,-1
228598,133,132,0,-1
649464,103,102,0,-1
555142,151,150,0,-1
575244,165,164,0,-1
147263,241,240,0,-1
455952,109,108,0,-1
328913,153,152,0,-1
185590,119,118,0,-1
112847,145,144,0,-1
286088,165,164,0,-1
162472,117,116,0,-1
109175,233,232,0,-1
664215,133,132,0,-1
672780,105,104,0,-1
754694,211,210,0,-1
532512,171,170,0,-1
283427,227,226,0,-1
122495,199,198,0,-1
382380,131,130,0,-1
670029,77,76,0,-1
323981,237,236,0,-1
780348,109,108,0,-1
500056,165,164,0,-1
176967,99,98,0,-1
419580,81,80,0,-1
137770,177,176,0,-1
669643,27,26,0,-1
762628,97,96,0,-1
496529,243,242,0,-1
122587,115,114,0,-1
272414,153,152,0,-1
126173,99,98,0,-1
169352,131,130,0,-1
301021,197,196,0,-1
682166,215,214,0,-1
660496,121,120,0,-1
581699,163,162,0,-1
122303,227,226,0,-1
745964,209,208,0,-1
150448,55,54,0,-1
169575,65,64,0,-1
109308,59,58,0,-1
609350,199,198,0,-1
258510,117,116,0,-1
785427,97,96,0,-1
483095,115,114,0,-1
759761,174,175,1,1
679185,77,76,0,-1
369499,77,76,0,-1
649583,89,88,0,-1
136715,91,90,0,-1
412442,211,210,0,-1
465391,135,134,0,-1
548990,209,208,0,-1
457334,89,88,0,-1
739080,77,76,0,-1
666113,225,224,0,-1
111875,189,188,0,-1
415866,81,80,0,-1
352361,215,214,0,-1
562011,121,120,0,-1
399218,209,208,0,-1
197253,69,68,0,-1
458209,91,90,0,-1
273194,191,190,0,-1
345007,209,208,0,-1
100014,105,104,0,-1
275033,201,200,0,-1
742775,203,202,0,-1
553709,223,222,0,-1
774560,205,204,0,-1
403194,173,172,0,-1
166586,107,106,0,-1
197415,107,106,0,-1
422359,131,130,0,-1
592035,145,144,0,-1
579490,67,66,0,-1
79593,117,116,0,-1
566321,217,216,0,-1
355922,207,206,0,-1
229868,95,94,0,-1
269866,55,54,0,-1
584269,121,120,0,-1
79482,71,70,0,-1
301620,91,90,0,-1
377779,125,124,0,-1
751852,99,98,0,-1
137199,157,156,0,-1
238168,105,104,0,-1
350113,121,120,0,-1
506737,137,136,0,-1
257054,187,186,0,-1
610239,83,82,0,-1
536807,215,214,0,-1
35149,37,36,0,-1
269242,69,68,0,-1
451577,207,206,0,-1
278743,95,94,0,-1
66077,79,78,0,-1
1342,47,46,0,-1
18380,117,116,0,-1
60337,79,78,0,-1
579533,199,198,0,-1
172603,65,64,0,-1
219463,95,94,0,-1
276649,151,150,0,-1
347983,147,146,0,-1
67733,235,234,0,-1
564440,219,218,0,-1
206150,87,86,0,-1
301916,209,208,0,-1
81792,61,60,0,-1
582026,201,200,0,-1
222800,157,156,0,-1
85678,131,130,0,-1
36147,103,102,0,-1
75983,215,214,0,-1
645820,173,172,0,-1
308270,119,118,0,-1
556478,181,180,0,-1
592984,93,92,0,-1
603705,73,72,0,-1
673574,223,222,0,-1
509779,139,138,0,-1
505224,121,120,0,-1
569774,215,214,0,-1
199174,31,30,0,-1
256361,243,242,0,-1
95810,93,92,0,-1
549617,89,88,0,-1
742134,81,80,0,-1
638332,199,198,0,-1
449427,155,154,0,-1
28681,171,170,0,-1
505679,173,172,0,-1
48649,181,180,0,-1
309489,125,124,0,-1
59633,207,206,0,-1
638875,27,26,0,-1
168177,97,96,0,-1
191191,35,34,0,-1
80631,107,106,0,-1
237097,29,28,0,-1
627920,221,220,0,-1
32474,83,82,0,-1
193261,129,128,0,-1
532991,209,208,0,-1
481811,137,136,0,-1
3024,57,56,0,-1
622372,61,60,0,-1
391726,61,60,0,-1
179881,141,140,0,-1
299048,125,124,0,-1
654431,225,224,0,-1
721366,75,74,0,-1
551596,113,112,0,-1
629648,99,98,0,-1
779513,207,206,0,-1
669254,195,194,0,-1
129073,163,162,0,-1
515932,139,138,0,-1
579180,113,112,0,-1
2617,181,180,0,-1
539874,121,120,0,-1
318007,45,44,0,-1
587451,162,163,1,1
246801,77,76,0,-1
440514,65,64,0,-1
333685,99,98,0,-1
415173,131,130,0,-1
666960,81,80,0,-1
779209,97,96,0,-1
65323,105,104,0,-1
785734,105,104,0,-1
456908,93,92,0,-1
734839,91,90,0,-1
195864,97,96,0,-1
97673,225,224,0,-1
394416,67,66,0,-1
462375,79,78,0,-1
12044,195,194,0,-1
95860,23,22,0,-1
785652,97,96,0,-1
61558,139,138,0,-1
497635,137,136,0,-1
339060,47,46,0,-1
567958,197,196,0,-1
659936,177,176,0,-1
339683,175,174,0,-1
51921,59,58,0,-1
686839,67,66,0,-1
717053,219,218,0,-1
681280,191,190,0,-1
26684,101,100,0,-1
255368,145,144,0,-1
504398,197,196,0,-1
107139,115,114,0,-1
240312,73,72,0,-1
305181,67,66,0,-1
139940,237,236,0,-1
3411,83,82,0,-1
593288,227,226,0,-1
501309,115,114,0,-1
90480,81,80,0,-1
474635,179,178,0,-1
551644,51,50,0,-1
95882,161,160,0,-1
702660,159,158,0,-1
697613,179,178,0,-1
9802,87,86,0,-1
55095,81,80,0,-1
225650,245,244,0,-1
52471,43,42,0,-1
65357,221,220,0,-1
144727,19,18,0,-1
429827,205,204,0,-1
360991,77,76,0,-1
526913,181,180,0,-1
477656,205,204,0,-1
322321,127,126,0,-1
216288,123,122,0,-1
471920,169,168,0,-1
593634,175,174,0,-1
101529,123,122,0,-1
758203,87,86,0,-1
458708,235,234,0,-1
702926,177,176,0,-1
662067,71,70,0,-1
775385,251,250,0,-1
672059,225,224,0,-1
262401,123,122,0,-1
104929,103,102,0,-1
670969,121,120,0,-1
32757,105,104,0,-1
586097,221,220,0,-1
131263,59,58,0,-1
636688,185,184,0,-1
211421,103,102,0,-1
613134,79,78,0,-1
710266,127,126,0,-1
160790,87,86,0,-1
743747,185,184,0,-1
123164,97,96,0,-1
709159,123,122,0,-1
730288,91,90,0,-1
135158,155,154,0,-1
234091,33,32,0,-1
512837,205,204,0,-1
399729,103,102,0,-1
672095,225,224,0,-1
602163,69,68,0,-1
71087,131,130,0,-1
110005,155,154,0,-1
74292,55,54,0,-1
623129,229,228,0,-1
689926,67,66,0,-1
575067,119,118,0,-1
324202,133,132,0,-1
210160,141,140,0,-1
307492,83,82,0,-1
225061,103,102,0,-1
152944,141,140,0,-1
419033,163,162,0,-1
407486,211,210,0,-1
158039,247,246,0,-1
187312,173,172,0,-1
67416,61,60,0,-1
223277,97,96,0,-1
584424,177,176,0,-1
234844,199,198,0,-1
480952,89,88,0,-1
325541,235,234,0,-1
417579,125,124,0,-1
66418,21,20,0,-1
195898,107,106,0,-1
433605,101,100,0,-1
265780,33,32,0,-1
154417,111,110,0,-1
93745,159,158,0,-1
527981,231,230,0,-1
719525,199,198,0,-1
245146,91,90,0,-1
563073,175,174,0,-1
145938,129,128,0,-1
548933,219,218,0,-1
559410,83,82,0,-1
117271,121,120,0,-1
640298,95,94,0,-1
581065,69,68,0,-1
674024,217,216,0,-1
604211,191,190,0,-1
506398,179,178,0,-1
185387,139,138,0,-1
712870,123,122,0,-1
497875,49,48,0,-1
193626,95,94,0,-1
730139,203,202,0,-1
375881,115,114,0,-1
185647,103,102,0,-1
561042,77,76,0,-1
377691,123,122,0,-1
103576,81,80,0,-1
89579,89,88,0,-1
24635,185,184,0,-1
730931,171,170,0,-1
399172,141,140,0,-1
259903,65,64,0,-1
582814,171,170,0,-1
498662,215,214,0,-1
406765,117,116,0,-1
646708,59,58,0,-1
314047,89,88,0,-1
146874,145,144,0,-1
37158,71,70,0,-1
251951,135,134,0,-1
530323,139,138,0,-1
752459,185,184,0,-1
633685,203,202,0,-1
26150,131,130,0,-1
315022,149,148,0,-1
597274,27,26,0,-1
688155,119,118,0,-1
361152,75,74,0,-1
580771,131,130,0,-1
349771,43,42,0,-1
391765,81,80,0,-1
242054,233,232,0,-1
593167,65,64,0,-1
425176,41,40,0,-1
213547,25,24,0,-1
674335,119,118,0,-1
765323,205,204,0,-1
122407,213,212,0,-1
475142,197,196,0,-1
563497,25,24,0,-1
52641,91,90,0,-1
708358,64,65,1,1
22015,13,12,0,-1
402882,73,72,0,-1
615859,119,118,0,-1
731980,93,92,0,-1
128687,195,194,0,-1
147570,115,114,0,-1
294062,201,200,0,-1
253435,207,206,0,-1
392082,121,120,0,-1
135280,131,130,0,-1
643604,153,152,0,-1
471778,55,54,0,-1
242391,131,130,0,-1
591890,181,180,0,-1
103078,153,152,0,-1
741100,97,96,0,-1
98894,163,162,0,-1
345600,83,82,0,-1
267036,123,122,0,-1
408730,159,158,0,-1
432250,23,22,0,-1
122638,165,164,0,-1
71712,185,184,0,-1
697700,209,208,0,-1
352579,137,136,0,-1
667168,101,100,0,-1
164750,147,146,0,-1
367183,51,50,0,-1
596010,89,88,0,-1
678339,81,80,0,-1
555448,171,170,0,-1
282813,83,82,0,-1
595195,189,188,0,-1
519151,129,128,0,-1
344765,213,212,0,-1
279245,203,202,0,-1
222311,145,144,0,-1
623078,177,176,0,-1
529898,209,208,0,-1
230736,131,130,0,-1
445431,121,120,0,-1
173981,115,114,0,-1
453868,35,34,0,-1
345466,123,122,0,-1
25124,85,84,0,-1
423122,193,192,0,-1
606005,229,228,0,-1
498343,43,42,0,-1
493481,209,208,0,-1
602,203,202,0,-1
704715,95,94,0,-1
679484,195,194,0,-1
202225,27,26,0,-1
283839,121,120,0,-1
786136,213,212,0,-1
99446,197,196,0,-1
613878,95,94,0,-1
132778,75,74,0,-1
587601,181,180,0,-1
308869,151,150,0,-1
610533,173,172,0,-1
204649,27,26,0,-1
100245,77,76,0,-1
752805,89,88,0,-1
139303,199,198,0,-1
681053,191,190,0,-1
103820,223,222,0,-1
647378,219,218,0,-1
639821,225,224,0,-1
347557,19,18,0,-1
154938,111,110,0,-1
283544,195,194,0,-1
681657,95,94,0,-1
163907,125,124,0,-1
779754,109,108,0,-1
493656,101,100,0,-1
547656,159,158,0,-1
742655,203,202,0,-1
745873,95,94,0,-1
342734,153,152,0,-1
626639,195,194,0,-1
664690,111,110,0,-1
664554,91,90,0,-1
56638,59,58,0,-1
676656,169,168,0,-1
721306,91,90,0,-1
214697,201,200,0,-1
720450,101,100,0,-1
731897,205,204,0,-1
244033,111,110,0,-1
268326,77,76,0,-1
339572,235,234,0,-1
328694,233,232,0,-1
183130,119,118,0,-1
775518,91,90,0,-1
105978,85,84,0,-1
713126,207,206,0,-1
666931,67,66,0,-1
541475,207,206,0,-1
682476,101,100,0,-1
167387,143,142,0,-1
319911,67,66,0,-1
675797,99,98,0,-1
448843,71,70,0,-1
590221,69,68,0,-1
645272,231,230,0,-1
783580,69,68,0,-1
554048,227,226,0,-1
166937,103,102,0,-1
295890,125,124,0,-1
362049,57,56,0,-1
601603,121,120,0,-1
79256,223,222,0,-1
309582,103,102,0,-1
358764,107,106,0,-1
96692,151,150,0,-1
222015,97,96,0,-1
296390,237,236,0,-1
480360,145,144,0,-1
523707,125,124,0,-1
91339,69,68,0,-1
428605,63,62,0,-1
744824,191,190,0,-1
754126,21,20,0,-1
124270,123,122,0,-1
180773,145,144,0,-1
83621,205,204,0,-1
30315,171,170,0,-1
144706,75,74,0,-1
412763,121,120,0,-1
475968,129,128,0,-1
669117,81,80,0,-1
148157,143,142,0,-1
691906,177,176,0,-1
322980,81,80,0,-1
471815,177,176,0,-1
530717,211,210,0,-1
644372,225,224,0,-1
242562,159,158,0,-1
167930,135,134,0,-1
589068,165,164,0,-1
75321,161,160,0,-1
60082,141,140,0,-1
465124,27,26,0,-1
610389,111,110,0,-1
414292,93,92,0,-1
144161,205,204,0,-1
645037,39,38,0,-1
603099,67,66,0,-1
487606,23,22,0,-1
450310,65,64,0,-1
594942,103,102,0,-1
351086,213,212,0,-1
536931,133,132,0,-1
136865,237,236,0,-1
375362,83,82,0,-1
83205,65,64,0,-1
697386,113,112,0,-1
392805,63,62,0,-1
105947,159,158,0,-1
654059,223,222,0,-1
764550,105,104,0,-1
561638,203,202,0,-1
721999,137,136,0,-1
710534,197,196,0,-1
25850,179,178,0,-1
409682,199,198,0,-1
552000,111,110,0,-1
639854,231,230,0,-1
46662,63,62,0,-1
323666,177,176,0,-1
307180,199,198,0,-1
230622,121,120,0,-1
632783,201,200,0,-1
327258,83,82,0,-1
717767,209,208,0,-1
770764,193,192,0,-1
232478,97,96,0,-1
280735,119,118,0,-1
647933,231,230,0,-1
738595,133,132,0,-1
169790,219,218,0,-1
489175,77,76,0,-1
397085,211,210,0,-1
177642,63,62,0,-1
401660,219,218,0,-1
144927,59,58,0,-1
474673,73,72,0,-1
154326,97,96,0,-1
346135,15,14,0,-1
105929,161,160,0,-1
140837,229,228,0,-1
2599,179,178,0,-1
538379,221,220,0,-1
38087,143,142,0,-1
69536,105,104,0,-1
88321,105,104,0,-1
282358,129,128,0,-1
744644,217,216,0,-1
97420,69,68,0,-1
481058,171,170,0,-1
679289,195,194,0,-1
589508,225,224,0,-1
584099,167,166,0,-1
652003,181,180,0,-1
214540,19,18,0,-1
318631,71,70,0,-1
330109,107,106,0,-1
135662,173,172,0,-1
443537,105,104,0,-1
741188,207,206,0,-1
731642,209,208,0,-1
66834,107,106,0,-1
722039,231,230,0,-1
208153,107,106,0,-1
551050,195,194,0,-1
403270,31,30,0,-1
167254,199,198,0,-1
477568,145,144,0,-1
58604,83,82,0,-1
171471,163,162,0,-1
651807,97,96,0,-1
182834,87,86,0,-1
365561,227,226,0,-1
598459,203,202,0,-1
393197,185,184,0,-1
205328,105,104,0,-1
635552,227,226,0,-1
349997,203,202,0,-1
689566,31,30,0,-1
603030,193,192,0,-1
96746,149,148,0,-1
174323,211,210,0,-1
568018,219,218,0,-1
345574,179,178,0,-1
566808,79,78,0,-1
496416,77,76,0,-1
183486,53,52,0,-1
726938,199,198,0,-1
560268,185,184,0,-1
539141,171,170,0,-1
682809,155,154,0,-1
403741,141,140,0,-1
575343,135,134,0,-1
213261,123,122,0,-1
503997,75,74,0,-1
511156,213,212,0,-1
176849,131,130,0,-1
310776,135,134,0,-1
288015,117,116,0,-1
485952,115,114,0,-1
623894,175,174,0,-1
524621,219,218,0,-1
354227,229,228,0,-1
257388,137,136,0,-1
472916,215,214,0,-1
426676,19,18,0,-1
367336,71,70,0,-1
644320,155,154,0,-1
80193,79,78,0,-1
703989,91,90,0,-1
362760,71,70,0,-1
376377,67,66,0,-1
223451,191,190,0,-1
196139,145,144,0,-1
60615,91,90,0,-1
244628,123,122,0,-1
193530,61,60,0,-1
509614,209,208,0,-1
696320,209,208,0,-1
785373,101,100,0,-1
647079,101,100,0,-1
160635,129,128,0,-1
733291,87,86,0,-1
415502,213,212,0,-1
739224,97,96,0,-1
277639,101,100,0,-1
23631,79,78,0,-1
737812,97,96,0,-1
531261,129,128,0,-1
109220,239,238,0,-1
430712,105,104,0,-1
577733,161,160,0,-1
622081,51,50,0,-1
368881,65,64,0,-1
339274,125,124,0,-1
585484,75,74,0,-1
293441,121,120,0,-1
734773,93,92,0,-1
60947,235,234,0,-1
444333,75,74,0,-1
320302,143,142,0,-1
360634,113,112,0,-1
280147,17,16,0,-1
220555,123,122,0,-1
561087,85,84,0,-1
410116,73,72,0,-1
421931,85,84,0,-1
346007,113,112,0,-1
707082,93,92,0,-1
506176,13,12,0,-1
444275,191,190,0,-1
590085,77,76,0,-1
525834,107,106,0,-1
65842,203,202,0,-1
382258,133,132,0,-1
580819,47,46,0,-1
711290,227,226,0,-1
83732,223,222,0,-1
30977,87,86,0,-1
641034,97,96,0,-1
365760,79,78,0,-1
124463,193,192,0,-1
566716,135,134,0,-1
597064,79,78,0,-1
446873,213,212,0,-1
338384,139,138,0,-1
76729,71,70,0,-1
462966,77,76,0,-1
400958,173,172,0,-1
691788,111,110,0,-1
118698,105,104,0,-1
173564,149,148,0,-1
560798,237,236,0,-1
756929,215,214,0,-1
197948,161,160,0,-1
212151,87,86,0,-1
360496,25,24,0,-1
608433,93,92,0,-1
700875,99,98,0,-1
664306,173,172,0,-1
42093,71,70,0,-1
358980,85,84,0,-1
637013,121,120,0,-1
223138,117,116,0,-1
642519,87,86,0,-1
605678,197,196,0,-1
151150,35,34,0,-1
525705,141,140,0,-1
599963,225,224,0,-1
351467,205,204,0,-1
189470,123,122,0,-1
38793,87,86,0,-1
66354,85,84,0,-1
120330,161,160,0,-1
665031,79,78,0,-1
218707,31,30,0,-1
484383,109,108,0,-1
458072,195,194,0,-1
342332,203,202,0,-1
557501,211,210,0,-1
525235,133,132,0,-1
460704,127,126,0,-1
745192,71,70,0,-1
518974,127,126,0,-1
315395,213,212,0,-1
242088,117,116,0,-1
407671,31,30,0,-1
46556,129,128,0,-1
409632,59,58,0,-1
353714,77,76,0,-1
695650,21,20,0,-1
346308,117,116,0,-1
507849,165,164,0,-1
521546,211,210,0,-1
120242,145,144,0,-1
160448,103,102,0,-1
192511,29,28,0,-1
626583,73,72,0,-1
387977,225,224,0,-1
755508,89,88,0,-1
711123,55,54,0,-1
585361,145,144,0,-1
178735,21,20,0,-1
438512,219,218,0,-1
705442,89,88,0,-1
405524,173,172,0,-1
148266,107,106,0,-1
286736,81,80,0,-1
580879,63,62,0,-1
145292,227,226,0,-1
735741,69,68,0,-1
110738,237,236,0,-1
16912,33,32,0,-1
34408,19,18,0,-1
449835,125,124,0,-1
94394,161,160,0,-1
749952,89,88,0,-1
336619,65,64,0,-1
711625,95,94,0,-1
575384,221,220,0,-1
246894,129,128,0,-1
266637,179,178,0,-1
486285,161,160,0,-1
159673,61,60,0,-1
353919,127,126,0,-1
188006,85,84,0,-1
6235,165,164,0,-1
113705,183,182,0,-1
569975,235,234,0,-1
543318,183,182,0,-1
58992,87,86,0,-1
361526,95,94,0,-1
648693,89,88,0,-1
478010,171,170,0,-1
458953,11,10,0,-1
444010,129,128,0,-1
268583,195,194,0,-1
662703,145,144,0,-1
684391,85,84,0,-1
759019,67,66,0,-1
408888,85,84,0,-1
478395,147,146,0,-1
173251,91,90,0,-1
511186,19,18,0,-1
528959,203,202,0,-1
552050,209,208,0,-1
364863,137,136,0,-1
346193,75,74,0,-1
508675,61,60,0,-1
621971,81,80,0,-1
750439,93,92,0,-1
617686,51,50,0,-1
698046,139,138,0,-1
398866,75,74,0,-1
437173,185,184,0,-1
503522,97,96,0,-1
63434,159,158,0,-1
365957,79,78,0,-1
117381,69,68,0,-1
333803,71,70,0,-1
652896,103,102,0,-1
225410,217,216,0,-1
178488,129,128,0,-1
458282,191,190,0,-1
16225,117,116,0,-1
232148,139,138,0,-1
342425,209,208,0,-1
14921,235,234,0,-1
719575,85,84,0,-1
493563,99,98,0,-1
547003,83,82,0,-1
189902,87,86,0,-1
247272,173,172,0,-1
259879,65,64,0,-1
350801,75,74,0,-1
198010,207,206,0,-1
22543,167,166,0,-1
577780,65,64,0,-1
399499,153,152,0,-1
483926,211,210,0,-1
619327,71,70,0,-1
375985,31,30,0,-1
97438,87,86,0,-1
583781,225,224,0,-1
464279,243,242,0,-1
502381,143,142,0,-1
482946,95,94,0,-1
561951,57,56,0,-1
729220,129,128,0,-1
725221,67,66,0,-1
553661,223,222,0,-1
236387,245,244,0,-1
662476,83,82,0,-1
570205,79,78,0,-1
393718,97,96,0,-1
347153,163,162,0,-1
344565,167,166,0,-1
535235,223,222,0,-1
258816,99,98,0,-1
535622,225,224,0,-1
567906,185,184,0,-1
729299,217,216,0,-1
538291,125,124,0,-1
715526,241,240,0,-1
70747,31,30,0,-1
78015,121,120,0,-1
163586,209,208,0,-1
25328,219,218,0,-1
270124,129,128,0,-1
609391,15,14,0,-1
335423,81,80,0,-1
582496,81,80,0,-1
354744,127,126,0,-1
591232,121,120,0,-1
194373,123,122,0,-1
180503,211,210,0,-1
375934,27,26,0,-1
492557,225,224,0,-1
203110,19,18,0,-1
584530,187,186,0,-1
570945,161,160,0,-1
47431,25,24,0,-1
622055,211,210,0,-1
178870,35,34,0,-1
700388,93,92,0,-1
376906,21,20,0,-1
654754,85,84,0,-1
411915,91,90,0,-1
9069,77,76,0,-1
761401,135,134,0,-1
763143,111,110,0,-1
740752,99,98,0,-1
569304,177,176,0,-1
215570,95,94,0,-1
469531,69,68,0,-1
588735,73,72,0,-1
88398,93,92,0,-1
770999,209,208,0,-1
657175,93,92,0,-1
535033,109,108,0,-1
483820,129,128,0,-1
628391,229,228,0,-1
394937,211,210,0,-1
589928,229,228,0,-1
377461,37,36,0,-1
184103,171,170,0,-1
525557,167,166,0,-1
5893,107,106,0,-1
57421,23,22,0,-1
316439,137,136,0,-1
556544,189,188,0,-1
268704,147,146,0,-1
317485,27,26,0,-1
653882,217,216,0,-1
25672,207,206,0,-1
752292,103,102,0,-1
684206,211,210,0,-1
292447,11,10,0,-1
285871,131,130,0,-1
110476,65,64,0,-1
680336,101,100,0,-1
186333,201,200,0,-1
108259,103,102,0,-1
518568,185,184,0,-1
47698,117,116,0,-1
335067,69,68,0,-1
771456,99,98,0,-1
555996,127,126,0,-1
39152,225,224,0,-1
732123,101,100,0,-1
427121,235,234,0,-1
653915,115,114,0,-1
380009,127,126,0,-1
546660,121,120,0,-1
249144,87,86,0,-1
496688,193,192,0,-1
44775,61,60,0,-1
144794,103,102,0,-1
385823,179,178,0,-1
182661,155,154,0,-1
98430,121,120,0,-1
47003,223,222,0,-1
442432,63,62,0,-1
220089,169,168,0,-1
381546,51,50,0,-1
684583,113,112,0,-1
613602,159,158,0,-1
552644,227,226,0,-1
404448,129,128,0,-1
105660,111,110,0,-1
588610,71,70,0,-1
785472,101,100,0,-1
557458,139,138,0,-1
306353,207,206,0,-1
372874,21,20,0,-1
312216,71,70,0,-1
342364,125,124,0,-1
15610,27,26,0,-1
265618,201,200,0,-1
625522,89,88,0,-1
143302,99,98,0,-1
680471,235,234,0,-1
548576,161,160,0,-1
670828,111,110,0,-1
206773,23,22,0,-1
602936,221,220,0,-1
137451,93,92,0,-1
724985,91,90,0,-1
432367,155,154,0,-1
167529,109,108,0,-1
134275,31,30,0,-1
171954,61,60,0,-1
443614,29,28,0,-1
357781,113,112,0,-1
265996,21,20,0,-1
192604,31,30,0,-1
274929,171,170,0,-1
13642,61,60,0,-1
772535,199,198,0,-1
729872,175,174,0,-1
601355,227,226,0,-1
265857,123,122,0,-1
100393,53,52,0,-1
316303,187,186,0,-1
770081,207,206,0,-1
739136,183,182,0,-1
450014,207,206,0,-1
761159,203,202,0,-1
558226,149,148,0,-1
224909,113,112,0,-1
575475,193,192,0,-1
55989,93,92,0,-1
388686,73,72,0,-1
216560,243,242,0,-1
353552,213,212,0,-1
266025,123,122,0,-1
450897,141,140,0,-1
150153,117,116,0,-1
212419,63,62,0,-1
228043,73,72,0,-1
80497,35,34,0,-1
360244,95,94,0,-1
241141,207,206,0,-1
509034,115,114,0,-1
188988,65,64,0,-1
524099,171,170,0,-1
565802,213,212,0,-1
328267,15,14,0,-1
26600,147,146,0,-1
362175,119,118,0,-1
553388,187,186,0,-1
436527,77,76,0,-1
550156,65,64,0,-1
469271,179,178,0,-1
525099,101,100,0,-1
148381,157,156,0,-1
664602,105,104,0,-1
128407,139,138,0,-1
501593,163,162,0,-1
624707,209,208,0,-1
422324,189,188,0,-1
216732,123,122,0,-1
596481,97,96,0,-1
140266,169,168,0,-1
570822,181,180,0,-1
258708,103,102,0,-1
4167,181,180,0,-1
545302,69,68,0,-1
495544,169,168,0,-1
402736,61,60,0,-1
373322,143,142,0,-1
770056,99,98,0,-1
772106,223,222,0,-1
296096,205,204,0,-1
127648,155,154,0,-1
588952,149,148,0,-1
680717,173,172,0,-1
456252,77,76,0,-1
154673,101,100,0,-1
191632,91,90,0,-1
8303,203,202,0,-1
206988,119,118,0,-1
309626,211,210,0,-1
127139,195,194,0,-1
330906,75,74,0,-1
21874,89,88,0,-1
301869,123,122,0,-1
248847,61,60,0,-1
332783,219,218,0,-1
475892,87,86,0,-1
389840,199,198,0,-1
362582,187,186,0,-1
753045,95,94,0,-1
260052,103,102,0,-1
626294,95,94,0,-1
317229,137,136,0,-1
327836,159,158,0,-1
333408,99,98,0,-1
556033,75,74,0,-1
628855,105,104,0,-1
245927,237,236,0,-1
620431,15,14,0,-1
710,219,218,0,-1
10264,169,168,0,-1
136804,93,92,0,-1
71854,71,70,0,-1
114866,187,186,0,-1
12366,167,166,0,-1
308476,127,126,0,-1
711549,91,90,0,-1
188947,19,18,0,-1
516072,119,118,0,-1
236425,205,204,0,-1
452116,77,76,0,-1
435489,157,156,0,-1
479918,81,80,0,-1
109478,89,88,0,-1
629482,123,122,0,-1
347032,109,108,0,-1
13749,87,86,0,-1
490169,209,208,0,-1
52017,87,86,0,-1
709699,125,124,0,-1
172565,109,108,0,-1
708386,179,178,0,-1
291268,117,116,0,-1
424221,79,78,0,-1
300739,135,134,0,-1
677991,99,98,0,-1
345911,107,106,0,-1
16552,81,80,0,-1
631534,67,66,0,-1
574766,171,170,0,-1
73876,159,158,0,-1
92981,221,220,0,-1
281390,109,108,0,-1
266917,139,138,0,-1
512968,135,134,0,-1
94055,99,98,0,-1
423657,107,106,0,-1
760566,83,82,0,-1
524528,199,198,0,-1
571761,157,156,0,-1
477820,155,154,0,-1
650407,127,126,0,-1
403712,217,216,0,-1
92346,117,116,0,-1
174882,89,88,0,-1
704993,93,92,0,-1
117324,67,66,0,-1
676424,193,192,0,-1
671632,85,84,0,-1
729786,73,72,0,-1
323029,35,34,0,-1
290467,153,152,0,-1
707928,93,92,0,-1
738229,85,84,0,-1
627428,219,218,0,-1
327054,135,134,0,-1
236757,67,66,0,-1
435206,121,120,0,-1
620629,97,96,0,-1
687020,203,202,0,-1
157525,101,100,0,-1
698918,237,236,0,-1
44093,239,238,0,-1
164686,81,80,0,-1
425579,229,228,0,-1
625746,131,130,0,-1
68928,87,86,0,-1
650149,89,88,0,-1
375406,15,14,0,-1
546744,123,122,0,-1
675092,227,226,0,-1
639368,195,194,0,-1
756239,211,210,0,-1
418368,115,114,0,-1
253633,71,70,0,-1
662981,173,172,0,-1
2184,87,86,0,-1
358422,61,60,0,-1
88641,187,186,0,-1
597914,173,172,0,-1
421323,137,136,0,-1
71468,225,224,0,-1
150833,99,98,0,-1
253169,193,192,0,-1
75076,165,164,0,-1
499203,83,82,0,-1
527160,73,72,0,-1
766550,225,224,0,-1
370317,131,130,0,-1
51188,165,164,0,-1
92772,59,58,0,-1
65710,45,44,0,-1
212887,117,116,0,-1
490596,135,134,0,-1
527950,195,194,0,-1
310625,145,144,0,-1
782689,95,94,0,-1
266503,103,102,0,-1
423239,227,226,0,-1
677020,115,114,0,-1
303306,101,100,0,-1
47144,235,234,0,-1
391671,131,130,0,-1
448297,133,132,0,-1
120408,61,60,0,-1
240680,123,122,0,-1
112524,79,78,0,-1
751970,201,200,0,-1
124403,153,152,0,-1
170937,117,116,0,-1
692804,201,200,0,-1
359824,27,26,0,-1
659373,89,88,0,-1
293569,79,78,0,-1
497907,75,74,0,-1
509908,131,130,0,-1
524155,181,180,0,-1
664744,113,112,0,-1
404378,83,82,0,-1
205523,191,190,0,-1
30619,71,70,0,-1
454318,31,30,0,-1
98792,163,162,0,-1
245978,195,194,0,-1
526874,169,168,0,-1
224177,241,240,0,-1
762498,87,86,0,-1
658664,221,220,0,-1
768302,175,174,0,-1
342281,205,204,0,-1
465301,139,138,0,-1
461227,127,126,0,-1
375518,177,176,0,-1
613914,113,112,0,-1
704103,123,122,0,-1
384515,87,86,0,-1
266364,53,52,0,-1
361640,225,224,0,-1
125385,149,148,0,-1
477380,99,98,0,-1
530413,107,106,0,-1
12495,61,60,0,-1
559326,73,72,0,-1
104287,99,98,0,-1
479778,99,98,0,-1
305253,137,136,0,-1
181774,37,36,0,-1
518057,237,236,0,-1
666855,79,78,0,-1
683333,219,218,0,-1
75179,163,162,0,-1
27780,113,112,0,-1
275059,141,140,0,-1
260092,193,192,0,-1
343351,141,140,0,-1
697954,109,108,0,-1
37635,103,102,0,-1
213630,131,130,0,-1
708834,175,174,0,-1
707006,211,210,0,-1
215254,35,34,0,-1
8000,83,82,0,-1
234523,37,36,0,-1
708676,107,106,0,-1
206094,95,94,0,-1
713312,201,200,0,-1
244199,239,238,0,-1
188276,223,222,0,-1
93507,149,148,0,-1
510876,179,178,0,-1
706091,217,216,0,-1
171744,89,88,0,-1
340827,131,130,0,-1
205828,19,18,0,-1
5721,187,186,0,-1
610480,165,164,0,-1
168646,103,102,0,-1
186043,83,82,0,-1
298865,221,220,0,-1
668535,91,90,0,-1
655079,215,214,0,-1
402923,113,112,0,-1
104029,117,116,0,-1
621680,87,86,0,-1
350833,79,78,0,-1
349886,197,196,0,-1
472558,105,104,0,-1
562546,201,200,0,-1
452143,23,22,0,-1
145627,117,116,0,-1
776383,97,96,0,-1
743577,117,116,0,-1
571821,79,78,0,-1
302212,17,16,0,-1
492038,187,186,0,-1
195999,79,78,0,-1
291802,203,202,0,-1
234938,241,240,0,-1
485598,75,74,0,-1
774938,203,202,0,-1
146031,115,114,0,-1
663383,99,98,0,-1
566936,237,236,0,-1
683718,71,70,0,-1
406205,225,224,0,-1
340974,127,126,0,-1
175725,67,66,0,-1
583537,81,80,0,-1
602705,179,178,0,-1
167074,115,114,0,-1
282119,95,94,0,-1
21421,99,98,0,-1
383572,155,154,0,-1
499287,93,92,0,-1
784628,207,206,0,-1
220157,89,88,0,-1
74807,241,240,0,-1
493286,165,164,0,-1
224054,177,176,0,-1
195546,81,80,0,-1
462277,137,136,0,-1
397836,75,74,0,-1
79335,153,152,0,-1
559975,183,182,0,-1
207193,213,212,0,-1
158490,81,80,0,-1
696221,197,196,0,-1
204810,71,70,0,-1
346224,153,152,0,-1
179809,99,98,0,-1
586249,129,128,0,-1
115481,75,74,0,-1
707266,179,178,0,-1
205038,73,72,0,-1
698209,87,86,0,-1
402788,195,194,0,-1
213784,29,28,0,-1
620500,137,136,0,-1
138317,115,114,0,-1
198422,89,88,0,-1
262009,141,140,0,-1
381892,31,30,0,-1
559912,185,184,0,-1
536729,223,222,0,-1
83356,21,20,0,-1
552106,107,106,0,-1
760838,213,212,0,-1
608623,73,72,0,-1
584750,219,218,0,-1
756813,113,112,0,-1
537818,159,158,0,-1
507494,213,212,0,-1
665232,103,102,0,-1
270331,205,204,0,-1
757634,205,204,0,-1
278422,115,114,0,-1
662149,143,142,0,-1
334290,137,136,0,-1
257106,71,70,0,-1
457432,29,28,0,-1
150395,233,232,0,-1
263512,117,116,0,-1
761518,127,126,0,-1
745608,93,92,0,-1
363330,177,176,0,-1
313209,125,124,0,-1
130315,93,92,0,-1
640204,113,112,0,-1
651401,235,234,0,-1
643047,89,88,0,-1
157338,65,64,0,-1
337532,109,108,0,-1
560921,181,180,0,-1
477593,207,206,0,-1
458789,137,136,0,-1
36658,31,30,0,-1
513443,219,218,0,-1
643314,109,108,0,-1
499992,83,82,0,-1
69937,103,102,0,-1
296307,137,136,0,-1
14587,99,98,0,-1
757459,59,58,0,-1
298530,61,60,0,-1
67010,223,222,0,-1
565411,141,140,0,-1
406707,67,66,0,-1
684006,85,84,0,-1
134298,57,56,0,-1
299588,103,102,0,-1
362707,51,50,0,-1
107058,189,188,0,-1
416419,147,146,0,-1
449905,143,142,0,-1
117545,219,218,0,-1
47992,21,20,0,-1
16525,57,56,0,-1
454605,129,128,0,-1
578526,193,192,0,-1
540704,167,166,0,-1
234475,19,18,0,-1
416057,211,210,0,-1
552279,159,158,0,-1
63915,111,110,0,-1
732716,229,228,0,-1
413386,47,46,0,-1
249228,113,112,0,-1
386697,63,62,0,-1
81169,103,102,0,-1
725018,227,226,0,-1
5514,113,112,0,-1
663709,139,138,0,-1
63203,75,74,0,-1
713927,217,216,0,-1
649547,105,104,0,-1
734093,207,206,0,-1
747307,91,90,0,-1
257017,189,188,0,-1
410730,89,88,0,-1
314300,239,238,0,-1
538556,209,208,0,-1
601054,91,90,0,-1
34205,73,72,0,-1
518322,117,116,0,-1
308740,49,48,0,-1
9309,93,92,0,-1
568290,121,120,0,-1
409608,115,114,0,-1
469634,93,92,0,-1
373748,143,142,0,-1
288390,67,66,0,-1
340388,237,236,0,-1
578510,213,212,0,-1
565395,135,134,0,-1
586233,87,86,0,-1
743561,225,224,0,-1
171728,169,168,0,-1
448281,127,126,0,-1
47128,193,192,0,-1
537579,117,116,0,-1
604049,189,188,0,-1
766245,89,88,0,-1
18488,189,188,0,-1
552777,99,98,0,-1
691772,191,190,0,-1
310760,105,104,0,-1
214524,55,54,0,-1
88305,97,96,0,-1
721983,119,118,0,-1
141496,113,112,0,-1
283823,209,208,0,-1
498646,177,176,0,-1
539213,177,176,0,-1
246785,87,86,0,-1
355906,25,24,0,-1
572850,127,126,0,-1
99539,181,180,0,-1
123495,67,66,0,-1
339352,165,164,0,-1
715049,209,208,0,-1
663908,195,194,0,-1
404060,213,212,0,-1
724231,97,96,0,-1
145223,219,218,0,-1
527665,151,150,0,-1
153100,211,210,0,-1
530513,197,196,0,-1
117126,81,80,0,-1
522658,125,124,0,-1
63283,31,30,0,-1
423839,193,192,0,-1
423439,71,70,0,-1
652585,13,12,0,-1
641853,65,64,0,-1
248909,149,148,0,-1
231653,195,194,0,-1
460607,215,214,0,-1
760737,91,90,0,-1
742599,89,88,0,-1
251440,51,50,0,-1
663085,129,128,0,-1
248540,197,196,0,-1
48929,243,242,0,-1
520957,61,60,0,-1
521868,123,122,0,-1
92619,107,106,0,-1
685679,199,198,0,-1
654312,121,120,0,-1
637611,97,96,0,-1
59165,225,224,0,-1
306690,81,80,0,-1
90853,25,24,0,-1
163773,151,150,0,-1
765156,79,78,0,-1
383708,193,192,0,-1
313719,155,154,0,-1
276019,57,56,0,-1
200721,69,68,0,-1
347757,85,84,0,-1
253945,107,106,0,-1
237081,71,70,0,-1
588819,91,90,0,-1
506382,181,180,0,-1
497859,65,64,0,-1
251935,39,38,0,-1
307819,11,10,0,-1
580755,119,118,0,-1
367167,65,64,0,-1
613243,77,76,0,-1
345558,131,130,0,-1
85002,141,140,0,-1
178472,95,94,0,-1
751558,95,94,0,-1
25312,103,102,0,-1
88382,219,218,0,-1
98776,131,130,0,-1
75163,53,52,0,-1
608902,147,146,0,-1
621664,17,16,0,-1
68811,87,86,0,-1
195983,213,212,0,-1
596925,191,190,0,-1
586217,225,224,0,-1
248893,31,30,0,-1
391430,213,212,0,-1
88374,97,96,0,-1
150207,119,118,0,-1
654304,109,108,0,-1
629213,155,154,0,-1
752678,227,226,0,-1
391438,131,130,0,-1
248901,65,64,0,-1
404052,81,80,0,-1
539205,81,80,0,-1
766237,81,80,0,-1
518314,83,82,0,-1
10019,225,224,0,-1
81161,207,206,0,-1
63907,123,122,0,-1
454597,151,150,0,-1
4789,85,84,0,-1
513435,101,100,0,-1
36650,121,120,0,-1
458781,95,94,0,-1
337524,65,64,0,-1
596933,227,226,0,-1
745600,91,90,0,-1
559904,217,216,0,-1
442789,71,70,0,-1
402780,87,86,0,-1
205030,49,48,0,-1
578588,227,226,0,-1
86746,95,94,0,-1
532823,199,198,0,-1
28642,141,140,0,-1
683710,59,58,0,-1
146023,107,106,0,-1
256109,205,204,0,-1
621672,59,58,0,-1
62974,25,24,0,-1
655071,145,144,0,-1
608910,153,152,0,-1
298857,101,100,0,-1
205820,239,238,0,-1
748400,195,194,0,-1
244191,173,172,0,-1
75171,93,92,0,-1
74656,123,122,0,-1
361632,181,180,0,-1
768294,77,76,0,-1
120192,77,76,0,-1
128024,209,208,0,-1
374943,125,124,0,-1
212879,221,220,0,-1
612666,75,74,0,-1
358414,11,10,0,-1
375398,85,84,0,-1
300731,209,208,0,-1
648501,77,76,0,-1
556025,211,210,0,-1
6291,123,122,0,-1
420348,167,166,0,-1
290822,77,76,0,-1
785042,237,236,0,-1
488039,229,228,0,-1
615615,163,162,0,-1
697985,201,200,0,-1
108198,91,90,0,-1
593059,127,126,0,-1
1633,81,80,0,-1
385861,89,88,0,-1
376941,65,64,0,-1
785464,99,98,0,-1
404440,25,24,0,-1
166662,99,98,0,-1
300135,59,58,0,-1
88390,95,94,0,-1
376898,87,86,0,-1
535614,183,182,0,-1
535227,117,116,0,-1
553653,131,130,0,-1
725213,167,166,0,-1
489244,15,14,0,-1
739401,95,94,0,-1
148403,229,228,0,-1
751566,87,86,0,-1
117373,25,24,0,-1
111641,241,240,0,-1
299884,107,106,0,-1
173243,179,178,0,-1
684383,179,178,0,-1
271217,223,222,0,-1
568044,71,70,0,-1
761341,131,130,0,-1
642511,77,76,0,-1
586735,129,128,0,-1
734765,209,208,0,-1
491583,73,72,0,-1
577725,69,68,0,-1
531253,81,80,0,-1
213253,125,124,0,-1
560260,193,192,0,-1
651799,83,82,0,-1
171463,193,192,0,-1
589500,185,184,0,-1
474665,171,170,0,-1
70607,153,152,0,-1
214412,225,224,0,-1
280727,213,212,0,-1
639846,179,178,0,-1
502806,93,92,0,-1
450302,169,168,0,-1
242554,205,204,0,-1
487073,237,236,0,-1
148149,73,72,0,-1
328686,159,158,0,-1
610525,169,168,0,-1
613251,159,158,0,-1
453860,85,84,0,-1
600967,147,146,0,-1
596002,65,64,0,-1
687423,123,122,0,-1
71704,195,194,0,-1
203033,95,94,0,-1
392074,163,162,0,-1
294054,83,82,0,-1
547744,163,162,0,-1
307827,53,52,0,-1
26142,97,96,0,-1
182749,23,22,0,-1
499867,91,90,0,-1
133335,113,112,0,-1
667683,103,102,0,-1
193618,73,72,0,-1
497867,143,142,0,-1
403019,87,86,0,-1
29434,35,34,0,-1
169433,157,156,0,-1
225053,221,220,0,-1
164048,183,182,0,-1
670961,223,222,0,-1
197203,33,32,0,-1
9794,189,188,0,-1
654244,17,16,0,-1
751509,95,94,0,-1
183972,95,94,0,-1
588827,207,206,0,-1
561688,201,200,0,-1
440506,23,22,0,-1
767194,107,106,0,-1
7785,91,90,0,-1
334649,197,196,0,-1
81784,29,28,0,-1
770807,241,240,0,-1
559858,173,172,0,-1
777270,107,106,0,-1
38941,15,14,0,-1
331618,119,118,0,-1
122579,187,186,0,-1
496521,123,122,0,-1
217925,161,160,0,-1
780825,97,96,0,-1
213502,195,194,0,-1
412885,95,94,0,-1
728689,91,90,0,-1
455675,223,222,0,-1
544304,189,188,0,-1
364915,83,82,0,-1
255338,123,122,0,-1
504493,97,96,0,-1
610756,225,224,0,-1
615117,169,168,0,-1
502849,93,92,0,-1
109963,131,130,0,-1
292340,143,142,0,-1
6977,225,224,0,-1
327734,89,88,0,-1
502639,207,206,0,-1
340412,227,226,0,-1
218787,59,58,0,-1
253953,93,92,0,-1
159618,145,144,0,-1
530101,97,96,0,-1
684543,111,110,0,-1
305349,117,116,0,-1
43224,61,60,0,-1
182790,63,62,0,-1
347765,217,216,0,-1
372537,195,194,0,-1
220996,95,94,0,-1
89088,55,54,0,-1
647212,93,92,0,-1
181618,127,126,0,-1
200729,137,136,0,-1
207502,155,154,0,-1
313727,135,134,0,-1
690931,111,110,0,-1
171786,83,82,0,-1
625365,69,68,0,-1
44016,131,130,0,-1
585713,201,200,0,-1
654499,123,122,0,-1
638750,87,86,0,-1
172848,111,110,0,-1
62697,87,86,0,-1
539843,221,220,0,-1
598755,185,184,0,-1
131689,109,108,0,-1
575974,135,134,0,-1
673464,129,128,0,-1
349203,65,64,0,-1
95697,155,154,0,-1
162568,81,80,0,-1
410767,89,88,0,-1
715165,93,92,0,-1
25894,71,70,0,-1
443832,127,126,0,-1
449363,199,198,0,-1
321232,61,60,0,-1
707508,89,88,0,-1
610722,201,200,0,-1
557572,65,64,0,-1
765164,177,176,0,-1
447935,239,238,0,-1
127225,101,100,0,-1
581588,219,218,0,-1
583684,61,60,0,-1
315112,57,56,0,-1
575853,123,122,0,-1
341025,69,68,0,-1
66453,59,58,0,-1
569012,215,214,0,-1
734184,67,66,0,-1
248213,215,214,0,-1
681250,187,186,0,-1
9894,83,82,0,-1
783225,89,88,0,-1
184035,105,104,0,-1
254834,241,240,0,-1
215628,65,64,0,-1
103121,115,114,0,-1
364567,11,10,0,-1
241114,209,208,0,-1
119429,195,194,0,-1
588583,71,70,0,-1
40170,71,70,0,-1
723489,103,102,0,-1
366558,171,170,0,-1
282311,207,206,0,-1
729042,95,94,0,-1
663281,223,222,0,-1
566154,167,166,0,-1
64955,141,140,0,-1
44044,179,178,0,-1
69172,165,164,0,-1
235131,115,114,0,-1
399412,67,66,0,-1
381849,135,134,0,-1
100503,89,88,0,-1
59173,105,104,0,-1
379573,111,110,0,-1
604339,161,160,0,-1
500326,71,70,0,-1
264380,213,212,0,-1
645475,83,82,0,-1
685592,189,188,0,-1
379683,73,72,0,-1
466152,91,90,0,-1
476651,171,170,0,-1
308360,89,88,0,-1
674285,79,78,0,-1
566032,169,168,0,-1
554773,63,62,0,-1
245208,65,64,0,-1
15651,71,70,0,-1
163303,77,76,0,-1
201540,79,78,0,-1
685687,129,128,0,-1
68394,97,96,0,-1
168424,201,200,0,-1
68205,65,64,0,-1
463156,171,170,0,-1
393151,129,128,0,-1
497261,179,178,0,-1
484201,45,44,0,-1
52362,125,124,0,-1
263207,183,182,0,-1
779870,223,222,0,-1
208940,95,94,0,-1
521876,161,160,0,-1
106450,111,110,0,-1
130644,53,52,0,-1
769648,135,134,0,-1
699683,183,182,0,-1
474509,211,210,0,-1
189626,105,104,0,-1
659553,115,114,0,-1
255242,107,106,0,-1
282994,91,90,0,-1
290143,145,144,0,-1
45364,111,110,0,-1
7147,139,138,0,-1
210202,127,126,0,-1
223624,101,100,0,-1
339869,83,82,0,-1
627676,55,54,0,-1
452559,175,174,0,-1
113099,229,228,0,-1
64053,193,192,0,-1
754402,63,62,0,-1
305140,91,90,0,-1
474758,235,234,0,-1
190429,17,16,0,-1
452518,181,180,0,-1
84140,193,192,0,-1
561399,153,152,0,-1
250293,161,160,0,-1
484601,131,130,0,-1
358866,111,110,0,-1
142189,123,122,0,-1
137801,95,94,0,-1
204160,207,206,0,-1
657293,99,98,0,-1
19187,223,222,0,-1
507967,199,198,0,-1
204004,135,134,0,-1
700966,101,100,0,-1
629229,97,96,0,-1
34976,151,150,0,-1
248548,127,126,0,-1
527852,215,214,0,-1
729072,105,104,0,-1
280276,91,90,0,-1
434167,187,186,0,-1
70931,85,84,0,-1
637078,115,114,0,-1
659295,87,86,0,-1
174672,61,60,0,-1
305970,117,116,0,-1
758793,107,106,0,-1
173328,93,92,0,-1
770653,129,128,0,-1
344934,105,104,0,-1
482130,127,126,0,-1
696781,71,70,0,-1
434129,243,242,0,-1
343672,23,22,0,-1
252128,193,192,0,-1
466356,171,170,0,-1
296196,119,118,0,-1
538819,171,170,0,-1
620658,109,108,0,-1
73344,69,68,0,-1
214764,125,124,0,-1
311139,99,98,0,-1
473289,67,66,0,-1
607032,77,76,0,-1
496271,237,236,0,-1
154848,117,116,0,-1
185080,99,98,0,-1
408822,81,80,0,-1
398163,83,82,0,-1
174748,109,108,0,-1
436602,77,76,0,-1
209692,101,100,0,-1
483032,97,96,0,-1
460615,147,146,0,-1
723789,85,84,0,-1
31509,99,98,0,-1
553423,75,74,0,-1
390090,127,126,0,-1
435300,85,84,0,-1
10743,65,64,0,-1
708405,77,76,0,-1
669704,239,238,0,-1
69704,89,88,0,-1
427884,135,134,0,-1
383316,59,58,0,-1
61667,81,80,0,-1
428654,231,230,0,-1
372113,77,76,0,-1
387576,107,106,0,-1
22035,49,48,0,-1
468574,109,108,0,-1
327117,137,136,0,-1
720055,119,118,0,-1
745164,67,66,0,-1
65001,127,126,0,-1
641861,101,100,0,-1
751416,81,80,0,-1
381189,77,76,0,-1
4356,95,94,0,-1
680170,115,114,0,-1
334176,115,114,0,-1
323764,113,112,0,-1
291885,67,66,0,-1
652593,51,50,0,-1
640990,83,82,0,-1
447240,79,78,0,-1
500734,135,134,0,-1
96447,109,108,0,-1
182524,109,108,0,-1
455710,65,64,0,-1
623655,75,74,0,-1
361392,77,76,0,-1
656710,205,204,0,-1
457132,171,170,0,-1
123633,97,96,0,-1
735387,111,110,0,-1
342514,181,180,0,-1
481220,187,186,0,-1
363087,69,68,0,-1
324401,121,120,0,-1
441837,177,176,0,-1
342799,81,80,0,-1
428335,137,136,0,-1
440012,71,70,0,-1
211004,105,104,0,-1
57221,79,78,0,-1
648582,87,86,0,-1
119648,241,240,0,-1
126900,143,142,0,-1
387836,129,128,0,-1
43596,63,62,0,-1
774738,105,104,0,-1
170547,65,64,0,-1
72575,79,78,0,-1
247024,127,126,0,-1
35190,87,86,0,-1
745451,205,204,0,-1
778668,95,94,0,-1
760301,95,94,0,-1
520121,231,230,0,-1
325244,85,84,0,-1
415553,227,226,0,-1
455027,191,190,0,-1
268079,225,224,0,-1
620336,103,102,0,-1
151798,107,106,0,-1
226165,87,86,0,-1
284961,125,124,0,-1
581856,187,186,0,-1
42938,163,162,0,-1
269128,21,20,0,-1
548,171,170,0,-1
390513,121,120,0,-1
599180,235,234,0,-1
695720,101,100,0,-1
324891,147,146,0,-1
604918,27,26,0,-1
574809,79,78,0,-1
140298,175,174,0,-1
186695,219,218,0,-1
28818,85,84,0,-1
117134,91,90,0,-1
474691,67,66,0,-1
530521,101,100,0,-1
225771,163,162,0,-1
28003,69,68,0,-1
549726,123,122,0,-1
768610,97,96,0,-1
369538,95,94,0,-1
153108,173,172,0,-1
145231,111,110,0,-1
350209,67,66,0,-1
47394,103,102,0,-1
106628,125,124,0,-1
370940,119,118,0,-1
199424,183,182,0,-1
598191,155,154,0,-1
738868,135,134,0,-1
712307,221,220,0,-1
363926,193,192,0,-1
103290,71,70,0,-1
297936,155,154,0,-1
379319,189,188,0,-1
572159,221,220,0,-1
478442,121,120,0,-1
32593,77,76,0,-1
411105,171,170,0,-1
275482,69,68,0,-1
613996,21,20,0,-1
738334,139,138,0,-1
81615,87,86,0,-1
657781,83,82,0,-1
140501,145,144,0,-1
741950,227,226,0,-1
271825,203,202,0,-1
612724,31,30,0,-1
670190,187,186,0,-1
240564,117,116,0,-1
211961,241,240,0,-1
306907,137,136,0,-1
128932,73,72,0,-1
436382,239,238,0,-1
49435,21,20,0,-1
326003,157,156,0,-1
663916,79,78,0,-1
423206,217,216,0,-1
422299,129,128,0,-1
326087,91,90,0,-1
53828,201,200,0,-1
538502,209,208,0,-1
799,109,108,0,-1
446066,105,104,0,-1
715057,91,90,0,-1
469650,69,68,0,-1
291287,221,220,0,-1
198305,239,238,0,-1
132568,117,116,0,-1
73147,143,142,0,-1
547153,63,62,0,-1
739443,89,88,0,-1
193731,75,74,0,-1
340296,139,138,0,-1
666243,109,108,0,-1
339360,137,136,0,-1
764848,97,96,0,-1
741473,225,224,0,-1
192814,91,90,0,-1
50487,63,62,0,-1
263142,117,116,0,-1
631021,123,122,0,-1
455944,103,102,0,-1
672772,147,146,0,-1
181100,243,242,0,-1
85482,163,162,0,-1
739932,109,108,0,-1
137762,245,244,0,-1
572858,213,212,0,-1
669635,91,90,0,-1
169344,117,116,0,-1
301013,235,234,0,-1
122295,143,142,0,-1
457326,55,54,0,-1
549396,185,184,0,-1
528990,121,120,0,-1
229860,71,70,0,-1
294855,151,150,0,-1
299040,67,66,0,-1
221721,69,68,0,-1
779201,203,202,0,-1
12036,89,88,0,-1
567950,223,222,0,-1
717045,93,92,0,-1
616271,193,192,0,-1
471912,69,68,0,-1
101521,161,160,0,-1
662059,47,46,0,-1
399,145,144,0,-1
322693,157,156,0,-1
689918,169,168,0,-1
259593,67,66,0,-1
324861,133,132,0,-1
185379,83,82,0,-1
128809,183,182,0,-1
327762,89,88,0,-1
593670,157,156,0,-1
425168,83,82,0,-1
605255,151,150,0,-1
96612,77,76,0,-1
491349,131,130,0,-1
684068,187,186,0,-1
613870,97,96,0,-1
103812,117,116,0,-1
664546,79,78,0,-1
141504,213,212,0,-1
389166,55,54,0,-1
322972,31,30,0,-1
74964,119,118,0,-1
603091,215,214,0,-1
83197,55,54,0,-1
423293,235,234,0,-1
384856,25,24,0,-1
561630,169,168,0,-1
46654,27,26,0,-1
404581,39,38,0,-1
323658,67,66,0,-1
230614,41,40,0,-1
407231,183,182,0,-1
214532,111,110,0,-1
506224,129,128,0,-1
242346,121,120,0,-1
659861,155,154,0,-1
411001,157,156,0,-1
206251,129,128,0,-1
164511,121,120,0,-1
623965,85,84,0,-1
118418,237,236,0,-1
650108,195,194,0,-1
446865,131,130,0,-1
462958,47,46,0,-1
118690,51,50,0,-1
360488,87,86,0,-1
637005,71,70,0,-1
34400,79,78,0,-1
449827,125,124,0,-1
759011,173,172,0,-1
8334,77,76,0,-1
677062,109,108,0,-1
52512,79,78,0,-1
420206,231,230,0,-1
476412,71,70,0,-1
372663,85,84,0,-1
630874,35,34,0,-1
178862,103,102,0,-1
254232,105,104,0,-1
343722,101,100,0,-1
556536,91,90,0,-1
518560,173,172,0,-1
633743,229,228,0,-1
678520,115,114,0,-1
680463,129,128,0,-1
733064,205,204,0,-1
330953,221,220,0,-1
402599,235,234,0,-1
94718,233,232,0,-1
665258,227,226,0,-1
545294,171,170,0,-1
770048,215,214,0,-1
268458,119,118,0,-1
520256,223,222,0,-1
539068,139,138,0,-1
736958,219,218,0,-1
456386,163,162,0,-1
349970,201,200,0,-1
708378,85,84,0,-1
337952,151,150,0,-1
186151,27,26,0,-1
83465,165,164,0,-1
636115,41,40,0,-1
704985,69,68,0,-1
323021,91,90,0,-1
486014,105,104,0,-1
782513,205,204,0,-1
529294,137,136,0,-1
662284,67,66,0,-1
496847,115,114,0,-1
205515,135,134,0,-1
459344,181,180,0,-1
708668,209,208,0,-1
171736,81,80,0,-1
445611,111,110,0,-1
252358,109,108,0,-1
518626,187,186,0,-1
511486,129,128,0,-1
602697,93,92,0,-1
167066,195,194,0,-1
346216,61,60,0,-1
198414,105,104,0,-1
392008,67,66,0,-1
83348,99,98,0,-1
537810,71,70,0,-1
150387,141,140,0,-1
340762,129,128,0,-1
168196,95,94,0,-1
298522,17,16,0,-1
747299,205,204,0,-1
266418,85,84,0,-1
107921,97,96,0,-1
568282,133,132,0,-1
578502,179,178,0,-1
662268,81,80,0,-1
604041,91,90,0,-1
691764,133,132,0,-1
572842,133,132,0,-1
73131,121,120,0,-1
423431,229,228,0,-1
652577,91,90,0,-1
48921,119,118,0,-1
340396,217,216,0,-1
729196,141,140,0,-1
454589,209,208,0,-1
337516,41,40,0,-1
457416,51,50,0,-1
683373,59,58,0,-1
146015,173,172,0,-1
164670,119,118,0,-1
6283,159,158,0,-1
785034,121,120,0,-1
421100,165,164,0,-1
385853,173,172,0,-1
243875,207,206,0,-1
299876,97,96,0,-1
288398,179,178,0,-1
700859,209,208,0,-1
450294,79,78,0,-1
610373,203,202,0,-1
493640,213,212,0,-1
71696,235,234,0,-1
373756,21,20,0,-1
122571,117,116,0,-1
575228,219,218,0,-1
364907,209,208,0,-1
212022,69,68,0,-1
181610,139,138,0,-1
754087,103,102,0,-1
598747,231,230,0,-1
501460,41,40,0,-1
500318,157,156,0,-1
466144,53,52,0,-1
566024,219,218,0,-1
554765,169,168,0,-1
134491,121,120,0,-1
526455,193,192,0,-1
334593,125,124,0,-1
388599,121,120,0,-1
209061,113,112,0,-1
296188,131,130,0,-1
436594,81,80,0,-1
420892,71,70,0,-1
372261,81,80,0,-1
72567,61,60,0,-1
185425,37,36,0,-1
639328,87,86,0,-1
620328,63,62,0,-1
245571,107,106,0,-1
390505,123,122,0,-1
549484,193,192,0,-1
369530,205,204,0,-1
653323,91,90,0,-1
306899,203,202,0,-1
547145,177,176,0,-1
143771,225,224,0,-1
764840,197,196,0,-1
50479,127,126,0,-1
528982,99,98,0,-1
779193,91,90,0,-1
730272,89,88,0,-1
324853,133,132,0,-1
267020,193,192,0,-1
630496,183,182,0,-1
651987,137,136,0,-1
273856,101,100,0,-1
409616,195,194,0,-1
483910,69,68,0,-1
243867,123,122,0,-1
360042,85,84,0,-1
700851,93,92,0,-1
527836,185,184,0,-1
185417,151,150,0,-1
245563,111,110,0,-1
764832,95,94,0,-1
80287,19,18,0,-1
385775,163,162,0,-1
388036,169,168,0,-1
423353,239,238,0,-1
9317,171,170,0,-1
713827,129,128,0,-1
680944,83,82,0,-1
108391,117,116,0,-1
107937,115,114,0,-1
283986,113,112,0,-1
385783,59,58,0,-1
781340,223,222,0,-1
80303,145,144,0,-1
56717,165,164,0,-1
509859,125,124,0,-1
644987,107,106,0,-1
693366,133,132,0,-1
296772,121,120,0,-1
601725,81,80,0,-1
176801,237,236,0,-1
266434,87,86,0,-1
616483,105,104,0,-1
570092,165,164,0,-1
254521,51,50,0,-1
240827,203,202,0,-1
17921,223,222,0,-1
149913,129,128,0,-1
398721,133,132,0,-1
34213,29,28,0,-1
772239,115,114,0,-1
502296,85,84,0,-1
601062,97,96,0,-1
661793,191,190,0,-1
553156,45,44,0,-1
712892,181,180,0,-1
340614,57,56,0,-1
378163,51,50,0,-1
282651,65,64,0,-1
649253,221,220,0,-1
514425,123,122,0,-1
423361,189,188,0,-1
620934,97,96,0,-1
700099,105,104,0,-1
508600,89,88,0,-1
460526,115,114,0,-1
10035,111,110,0,-1
42467,225,224,0,-1
151235,97,96,0,-1
586900,145,144,0,-1
9325,103,102,0,-1
301306,79,78,0,-1
257025,73,72,0,-1
611644,75,74,0,-1
227931,73,72,0,-1
665176,103,102,0,-1
713835,103,102,0,-1
314486,73,72,0,-1
734101,83,82,0,-1
317326,91,90,0,-1
204728,199,198,0,-1
743194,169,168,0,-1
322499,235,234,0,-1
470590,81,80,0,-1
588499,47,46,0,-1
353238,135,134,0,-1
700490,219,218,0,-1
33259,145,144,0,-1
608804,207,206,0,-1
378052,47,46,0,-1
136895,205,204,0,-1
22227,89,88,0,-1
3652,77,76,0,-1
135130,57,56,0,-1
115332,121,120,0,-1
308756,133,132,0,-1
604256,185,184,0,-1
544148,219,218,0,-1
713935,115,114,0,-1
680952,107,106,0,-1
47055,123,122,0,-1
595975,67,66,0,-1
560114,207,206,0,-1
763213,97,96,0,-1
423627,61,60,0,-1
732256,131,130,0,-1
224417,241,240,0,-1
560503,121,120,0,-1
454363,23,22,0,-1
631958,207,206,0,-1
442505,235,234,0,-1
753526,93,92,0,-1
264668,145,144,0,-1
5522,225,224,0,-1
410330,153,152,0,-1
32678,103,102,0,-1
28540,109,108,0,-1
731135,95,94,0,-1
288303,61,60,0,-1
725026,135,134,0,-1
143431,33,32,0,-1
149640,65,64,0,-1
537263,189,188,0,-1
518338,71,70,0,-1
180187,53,52,0,-1
732989,187,186,0,-1
652466,221,220,0,-1
469293,181,180,0,-1
30110,219,218,0,-1
570058,47,46,0,-1
283994,213,212,0,-1
299225,203,202,0,-1
385791,87,86,0,-1
214606,59,58,0,-1
423172,177,176,0,-1
591710,189,188,0,-1
203733,75,74,0,-1
551250,123,122,0,-1
602671,91,90,0,-1
380905,115,114,0,-1
565043,97,96,0,-1
406954,135,134,0,-1
368668,69,68,0,-1
357651,123,122,0,-1
650294,199,198,0,-1
494269,29,28,0,-1
781348,131,130,0,-1
470523,117,116,0,-1
611855,203,202,0,-1
715765,25,24,0,-1
184198,201,200,0,-1
457183,179,178,0,-1
416203,123,122,0,-1
426284,217,216,0,-1
734524,79,78,0,-1
392616,151,150,0,-1
389670,53,52,0,-1
280572,67,66,0,-1
202106,231,230,0,-1
708624,99,98,0,-1
204081,113,112,0,-1
55372,145,144,0,-1
8422,105,104,0,-1
252785,221,220,0,-1
417983,181,180,0,-1
250090,129,128,0,-1
739578,101,100,0,-1
63923,221,220,0,-1
646226,145,144,0,-1
104754,117,116,0,-1
13521,89,88,0,-1
623462,97,96,0,-1
31603,105,104,0,-1
387797,221,220,0,-1
194654,111,110,0,-1
528170,109,108,0,-1
552287,213,212,0,-1
674797,91,90,0,-1
703379,95,94,0,-1
659086,147,146,0,-1
742993,141,140,0,-1
157457,211,210,0,-1
604851,199,198,0,-1
119604,147,146,0,-1
538863,59,58,0,-1
79214,219,218,0,-1
508231,131,130,0,-1
416065,153,152,0,-1
661529,231,230,0,-1
297906,157,156,0,-1
457552,143,142,0,-1
407938,151,150,0,-1
542411,143,142,0,-1
499556,157,156,0,-1
282189,55,54,0,-1
493766,103,102,0,-1
234483,63,62,0,-1
278581,207,206,0,-1
639638,207,206,0,-1
51138,85,84,0,-1
540712,63,62,0,-1
463647,133,132,0,-1
410677,25,24,0,-1
137906,189,188,0,-1
534322,41,40,0,-1
136129,167,166,0,-1
624818,221,220,0,-1
457280,183,182,0,-1
235525,25,24,0,-1
559547,179,178,0,-1
428935,81,80,0,-1
61393,73,72,0,-1
30699,67,66,0,-1
435555,113,112,0,-1
601733,193,192,0,-1
454613,209,208,0,-1
657567,109,108,0,-1
350760,57,56,0,-1
266442,89,88,0,-1
93143,231,230,0,-1
39854,151,150,0,-1
434477,205,204,0,-1
109778,153,152,0,-1
606653,211,210,0,-1
34005,59,58,0,-1
493842,141,140,0,-1
419812,41,40,0,-1
616491,111,110,0,-1
396225,125,124,0,-1
36738,69,68,0,-1
424240,75,74,0,-1
668992,173,172,0,-1
373360,139,138,0,-1
431936,181,180,0,-1
649097,237,236,0,-1
604562,227,226,0,-1
335941,17,16,0,-1
179663,97,96,0,-1
502045,107,106,0,-1
719556,81,80,0,-1
759742,79,78,0,-1
308030,231,230,0,-1
185161,121,120,0,-1
34345,27,26,0,-1
541334,209,208,0,-1
311910,107,106,0,-1
51622,121,120,0,-1
401317,49,48,0,-1
51806,241,240,0,-1
48000,61,60,0,-1
208678,119,118,0,-1
709101,111,110,0,-1
152721,75,74,0,-1
111522,131,130,0,-1
43877,221,220,0,-1
27247,143,142,0,-1
459713,197,196,0,-1
117553,95,94,0,-1
467486,171,170,0,-1
407981,235,234,0,-1
558181,125,124,0,-1
155052,75,74,0,-1
454779,119,118,0,-1
421531,55,54,0,-1
451439,211,210,0,-1
193280,185,184,0,-1
570100,59,58,0,-1
362715,71,70,0,-1
416961,101,100,0,-1
558062,203,202,0,-1
82523,211,210,0,-1
713719,109,108,0,-1
203785,21,20,0,-1
299596,7,6,0,-1
73322,131,130,0,-1
436035,123,122,0,-1
635098,195,194,0,-1
61344,81,80,0,-1
425929,93,92,0,-1
240835,131,130,0,-1
4805,91,90,0,-1
977,225,224,0,-1
430929,119,118,0,-1
716134,87,86,0,-1
274449,71,70,0,-1
246291,53,52,0,-1
420732,129,128,0,-1
183670,123,122,0,-1
481369,101,100,0,-1
124338,89,88,0,-1
156454,101,100,0,-1
560874,73,72,0,-1
187349,87,86,0,-1
744499,131,130,0,-1
341801,233,232,0,-1
369705,55,54,0,-1
443424,67,66,0,-1
658698,113,112,0,-1
305415,117,116,0,-1
582339,69,68,0,-1
530975,219,218,0,-1
684014,183,182,0,-1
345794,183,182,0,-1
266981,197,196,0,-1
391394,187,186,0,-1
607565,215,214,0,-1
179460,111,110,0,-1
766931,207,206,0,-1
493359,83,82,0,-1
763682,179,178,0,-1
406715,101,100,0,-1
265347,95,94,0,-1
687485,199,198,0,-1
230396,239,238,0,-1
770329,97,96,0,-1
642488,187,186,0,-1
335037,79,78,0,-1
408464,203,202,0,-1
149921,227,226,0,-1
638894,99,98,0,-1
398729,231,230,0,-1
34221,179,178,0,-1
565419,97,96,0,-1
619849,175,174,0,-1
763657,71,70,0,-1
182295,79,78,0,-1
772247,223,222,0,-1
639766,197,196,0,-1
67018,149,148,0,-1
539992,163,162,0,-1
298538,165,164,0,-1
403527,115,114,0,-1
280234,73,72,0,-1
212127,133,132,0,-1
344006,237,236,0,-1
119358,51,50,0,-1
210749,75,74,0,-1
69332,125,124,0,-1
57952,73,72,0,-1
266188,7,6,0,-1
404509,9,8,0,-1
225622,191,190,0,-1
226351,27,26,0,-1
272457,85,84,0,-1
475104,97,96,0,-1
26056,67,66,0,-1
107320,211,210,0,-1
69945,95,94,0,-1
661801,19,18,0,-1
316472,123,122,0,-1
500000,87,86,0,-1
643322,235,234,0,-1
638583,91,90,0,-1
135439,21,20,0,-1
403653,73,72,0,-1
364418,77,76,0,-1
76302,175,174,0,-1
36666,77,76,0,-1
553164,65,64,0,-1
141438,127,126,0,-1
224141,243,242,0,-1
774369,83,82,0,-1
326324,211,210,0,-1
56694,67,66,0,-1
477601,139,138,0,-1
276275,193,192,0,-1
605935,189,188,0,-1
472715,87,86,0,-1
85177,25,24,0,-1
1013,223,222,0,-1
745267,75,74,0,-1
294705,117,116,0,-1
113984,101,100,0,-1
411980,193,192,0,-1
516424,59,58,0,-1
201468,83,82,0,-1
590642,223,222,0,-1
157346,121,120,0,-1
45308,221,220,0,-1
392592,121,120,0,-1
378645,61,60,0,-1
338158,65,64,0,-1
568314,121,120,0,-1
233187,123,122,0,-1
541896,165,164,0,-1
343203,71,70,0,-1
640212,109,108,0,-1
765700,103,102,0,-1
62463,169,168,0,-1
27639,61,60,0,-1
325495,103,102,0,-1
97695,121,120,0,-1
312414,177,176,0,-1
596949,203,202,0,-1
218656,25,24,0,-1
704488,91,90,0,-1
593264,179,178,0,-1
654730,87,86,0,-1
538572,137,136,0,-1
203239,31,30,0,-1
773503,95,94,0,-1
583856,223,222,0,-1
313217,235,234,0,-1
769225,175,174,0,-1
42250,103,102,0,-1
433157,177,176,0,-1
64775,83,82,0,-1
221201,103,102,0,-1
179682,69,68,0,-1
470849,227,226,0,-1
547318,79,78,0,-1
192706,37,36,0,-1
732903,77,76,0,-1
1387,55,54,0,-1
59652,115,114,0,-1
399037,31,30,0,-1
708262,127,126,0,-1
743847,89,88,0,-1
178348,135,134,0,-1
514842,79,78,0,-1
356996,213,212,0,-1
655416,99,98,0,-1
19641,105,104,0,-1
289329,175,174,0,-1
774240,101,100,0,-1
558887,91,90,0,-1
603340,225,224,0,-1
700728,85,84,0,-1
363338,221,220,0,-1
30752,137,136,0,-1
613039,101,100,0,-1
74233,89,88,0,-1
320903,235,234,0,-1
756311,211,210,0,-1
305385,117,116,0,-1
726316,189,188,0,-1
395050,69,68,0,-1
473820,79,78,0,-1
94905,121,120,0,-1
77540,217,216,0,-1
623709,97,96,0,-1
196251,111,110,0,-1
679706,219,218,0,-1
168212,203,202,0,-1
388506,137,136,0,-1
467046,103,102,0,-1
649261,123,122,0,-1
409195,27,26,0,-1
396460,131,130,0,-1
736145,207,206,0,-1
225505,137,136,0,-1
308506,131,130,0,-1
706881,90,91,1,1
466111,30,31,1,1
563658,128,129,1,1
321455,86,87,1,1
219188,142,143,1,1
287742,65,64,0,-1
582661,85,84,0,-1
689211,112,113,1,1
642924,201,200,0,-1
267917,157,156,0,-1
150403,127,126,0,-1
605825,221,220,0,-1
406351,73,72,0,-1
518108,196,197,1,1
551327,214,215,1,1
180339,64,65,1,1
341747,231,230,0,-1
114725,242,243,1,1
94976,199,198,0,-1
213439,205,204,0,-1
423369,172,173,1,1
245409,120,121,1,1
6712,78,79,1,1
621373,199,198,0,-1
257114,104,105,1,1
467422,85,84,0,-1
127453,67,66,0,-1
51422,223,222,0,-1
138196,60,61,1,1
700107,103,102,0,-1
296516,106,107,1,1
221833,27,26,0,-1
683397,76,77,1,1
617079,50,51,1,1
384296,175,174,0,-1
379389,124,125,1,1
462532,46,47,1,1
42475,146,147,1,1
234019,34,35,1,1
703020,115,114,0,-1
381065,239,238,0,-1
716624,204,205,1,1
162069,105,104,0,-1
593200,63,62,0,-1
336546,118,119,1,1
165938,133,132,0,-1
479412,85,84,0,-1
151243,35,34,0,-1
247305,62,63,1,1
729021,91,90,0,-1
555490,150,151,1,1
293420,135,134,0,-1
23593,28,29,1,1
586908,101,100,0,-1
530834,208,209,1,1
489876,131,130,0,-1
321349,66,67,1,1
256443,164,165,1,1
678010,104,105,1,1
181511,136,137,1,1
278430,67,66,0,-1
302107,28,29,1,1
757642,96,97,1,1
686214,96,97,1,1
478337,116,117,1,1
244843,34,35,1,1
392330,68,69,1,1
457250,136,137,1,1
569822,209,208,0,-1
352226,109,108,0,-1
338746,149,148,0,-1
702950,194,195,1,1
748729,94,95,1,1
605449,58,59,1,1
585933,149,148,0,-1
290713,31,30,0,-1
489789,129,128,0,-1
